ID,案件No,案件名,顧客,案件区分,売上,原価,粗利,粗利率,営業利益,営業利益率,受注状況,進捗状況,請求タイミング,見積日,検収日,請求日,社内メモ,管理コード
305325,1655,名刺印刷（荒巻さま200部）,柳川海苔本舗,グラフィック制作,5000,0,5000,100%,5000,100%,受注済,着手中,一括請求,,,2025-08-31,,
305186,1654,くるめ光の祭典テーマ・デザイン検討業務／フォトスポット追加分,久留米市役所,その他,90000,0,90000,100%,90000,100%,受注済,着手中,一括請求,,,2025-09-30,,
305006,1653,お米の段ボール制作（あかば様）,つくばみらい市（受託用）,グラフィック制作,300000,0,300000,100%,262075,87.4%,受注済,着手中,一括請求,,,2025-09-30,見積は改めて調整する。売上は仮の数値（2025/8/6）,
304169,1652,季刊誌HARMONY 2025秋号,香和印刷株式会社,グラフィック制作,160000,0,160000,100%,131400,82.1%,受注済,着手中,一括請求,,,2025-09-30,,
304157,1651,高校生向け大学案内ポスター制作業務,九州大谷短期大学,グラフィック制作,360000,0,360000,100%,288250,80.1%,受注済,着手中,一括請求,,,2025-09-30,,
304119,1650,留学生向けの受験ガイドLP制作,久留米工業大学,WEB制作,78400,0,78400,100%,78400,100%,受注済,着手中,一括請求,,,2025-09-30,,
304118,1649,委託業務（8月）,F08_大崎上島町,ふるさと納税委託業務,200000,0,200000,100%,-9725,-4.9%,受注済,着手中,一括請求,,,2025-08-31,,
304117,1648,委託業務（8月）,F07_嬬恋村,ふるさと納税委託業務,800000,0,800000,100%,510400,63.8%,受注済,着手中,一括請求,,,2025-08-31,,
304116,1647,委託業務（8月）,F05_牛久市,ふるさと納税委託業務,1000000,0,1000000,100%,501000,50.1%,受注済,着手中,一括請求,,,2025-08-31,,
304115,1646,委託業務（8月）,F04_桜川市,ふるさと納税委託業務,1000000,0,1000000,100%,822375,82.2%,受注済,着手中,一括請求,,,2025-08-31,,
304114,1645,委託業務（8月）,F03_筑西市,ふるさと納税委託業務,1000000,0,1000000,100%,552300,55.2%,受注済,着手中,一括請求,,,2025-08-31,,
304113,1644,委託業務（8月）,F01_つくばみらい市,ふるさと納税委託業務,2000000,0,2000000,100%,1339550,67%,受注済,着手中,一括請求,,,2025-08-31,,
304067,1643,パンフレット更新制作費,株式会社エフジー,グラフィック制作,36000,0,36000,100%,31450,87.4%,受注済,着手中,一括請求,,,2025-08-31,,
303448,1642,名刺新規制作（吉原竜希様）,柳川海苔本舗,グラフィック制作,14000,0,14000,100%,14000,100%,受注済,着手中,一括請求,,,2025-08-31,,
303343,1641,採用パンフレット制作費,だいぜんじ幼稚園（学校法人一隅学園）,グラフィック制作,105000,0,105000,100%,1500,1.4%,受注済,着手中,一括請求,,,2025-08-31,,
303227,1640,入園説明会チラシ印刷・ポスティング費用,だいぜんじ幼稚園（学校法人一隅学園）,グラフィック制作,239568,0,239568,100%,237718,99.2%,受注済,着手中,一括請求,,,2025-08-31,,
303003,1639,ホームページ制作費（1stpage）、画像素材費,FieldinX,WEB制作,142600,0,142600,100%,127850,89.7%,受注済,着手中,一括請求,,,2025-08-31,,
302732,1638,会社パンフレットリニューアル制作,伍福会,グラフィック制作,410000,0,410000,100%,164400,40.1%,受注済,着手中,一括請求,,,2025-08-31,,
302717,1637,note連携、ホームページ情報更新費,株式会社あどれす,WEB制作,130000,0,130000,100%,90200,69.4%,受注済,着手中,一括請求,,,2025-08-31,,
302716,1636,魔改造の夜イベントツール制作,株式会社オーレックホールディングス,グラフィック制作,1986600,0,1986600,100%,1645800,82.8%,受注済,着手中,一括請求,,,2025-08-31,,
302713,1635,HP更新作業費,介護ネット,WEB制作,12000,0,12000,100%,2100,17.5%,受注済,着手中,一括請求,,,2025-07-31,,
302088,1634,セールスプロモーション戦略における業務委託,つくばみらい市（受託用）,WEB制作,9090909,0,9090909,100%,8860834,97.5%,受注済,着手中,一括請求,,,2026-03-31,,
301875,1633,25年09月デザイン管理,だいぜんじ幼稚園（学校法人一隅学園）,グラフィック制作,50000,0,50000,100%,50000,100%,受注済,着手中,一括請求,,,2025-09-30,,
301874,1632,25年08月デザイン管理,だいぜんじ幼稚園（学校法人一隅学園）,グラフィック制作,50000,0,50000,100%,50000,100%,受注済,着手中,一括請求,,,2025-08-31,,
301507,1630,HP(予約フォーム付き)リニューアル制作の件,三川屋,WEB制作,2256000,0,2256000,100%,1833825,81.3%,受注済,着手中,一括請求,,,2025-09-30,,
301502,1629,Shopify・コーポレートサイト保守管理（2025.07〜2026/06）,柳川海苔本舗,WEB制作,180000,0,180000,100%,126100,70.1%,受注済,着手中,一括請求,,,2025-07-31,,
301501,1628,25年09月業務委託,エンサイクロ encyclo,WEB制作,320000,0,320000,100%,320000,100%,受注済,未着手,一括請求,,,2025-09-30,,
301500,1627,25年08月業務委託,エンサイクロ encyclo,WEB制作,320000,0,320000,100%,243550,76.1%,受注済,未着手,一括請求,,,2025-08-31,,
301496,1626,25年07月業務委託,エンサイクロ encyclo,WEB制作,320000,0,320000,100%,163800,51.2%,受注済,着手中,一括請求,,,2025-07-31,,
301353,1625,25年9月業務委託,日本ハムマーケティング,WEB制作,400000,0,400000,100%,400000,100%,受注済,未着手,一括請求,,,2025-09-30,,
301352,1624,25年8月業務委託,日本ハムマーケティング,WEB制作,400000,0,400000,100%,234200,58.6%,受注済,未着手,一括請求,,,2025-08-31,,
301203,1623,25年7月業務委託,日本ハムマーケティング,WEB制作,400000,0,400000,100%,-9575,-2.4%,受注済,着手中,一括請求,,,2025-07-31,,
301067,1622,委託業務（7月）,F08_大崎上島町,ふるさと納税委託業務,200000,0,200000,100%,-207925,-104%,受注済,着手中,一括請求,,,2025-07-31,,
301066,1621,委託業務（7月）,F07_嬬恋村,ふるさと納税委託業務,500000,0,500000,100%,-614625,-122.9%,受注済,着手中,一括請求,,,2025-07-31,,
301065,1620,委託業務（7月）,F05_牛久市,ふるさと納税委託業務,500000,0,500000,100%,-1327925,-265.6%,受注済,着手中,一括請求,,,2025-07-31,,
301064,1619,委託業務（7月）,F04_桜川市,ふるさと納税委託業務,500000,0,500000,100%,-231675,-46.3%,受注済,着手中,一括請求,,,2025-07-31,,
301063,1618,委託業務（7月）,F03_筑西市,ふるさと納税委託業務,500000,0,500000,100%,-487325,-97.5%,受注済,着手中,一括請求,,,2025-07-31,,
301062,1617,委託業務（7月）,F01_つくばみらい市,ふるさと納税委託業務,1000000,0,1000000,100%,-687975,-68.8%,受注済,着手中,一括請求,,,2025-07-31,,
300772,1616,令和７年度 企業版ふるさと納税パンフレット作成業務,京丹波町,グラフィック制作,450000,0,450000,100%,369525,82.1%,受注済,着手中,一括請求,,,2025-08-31,,
300397,1615,ホームページ制作 (1st page),九州大谷幼稚園,WEB制作,117600,0,117600,100%,27000,23%,受注済,着手中,一括請求,,,2025-08-31,,
294404,1614,土曜夜市PR動画制作（プロモーション動画制作（15秒）,ほとめき通り商店街,動画制作,50000,0,50000,100%,41200,82.4%,受注済,着手中,一括請求,,,2025-06-30,,
294399,1613,令和7年度 くるめ光の祭典イルミネーションテーマ・デザイン検討業務,久留米市役所,企画・コンサル,500000,0,500000,100%,-101525,-20.3%,受注済,着手中,一括請求,,,2025-11-30,,
294361,1612,ショート動画制作（編集のみ）,つくし幼稚園（大石学園）,動画制作,50000,0,50000,100%,-124325,-248.7%,受注済,着手中,一括請求,,,2025-07-31,,
293550,1610,魔改造の夜 THE MUSEUM関連告知バナー制作,株式会社オーレックホールディングス,WEB制作,15000,0,15000,100%,-5875,-39.2%,受注済,着手中,一括請求,,,2025-06-30,,
293549,1609,「魔改造の夜」デザイン二次使用料,株式会社オーレックホールディングス,グラフィック制作,80000,0,80000,100%,62725,78.4%,受注済,着手中,一括請求,,,2025-06-30,,
293415,1608,令和７年度ふるさと納税パンフレット増刷,京丹波町,グラフィック制作,54000,0,54000,100%,50300,93.1%,受注済,着手中,一括請求,,,2025-08-31,,
293394,1607,会社パンフレット制作（6頁構成）,株式会社ソルネット経営,グラフィック制作,550000,0,550000,100%,366200,66.6%,受注済,着手中,一括請求,,,2025-08-31,,
293153,1606,写真差し替え・テキスト周り更新,つくし幼稚園,WEB制作,40000,0,40000,100%,-37575,-93.9%,受注済,着手中,一括請求,,,2025-06-30,,
292664,1605,40周年記念ビジュアルデータ費,ラブ・グリーンの会,グラフィック制作,50000,0,50000,100%,43525,87.1%,受注済,着手中,一括請求,,,2025-06-30,,
292659,1604,25年07月デザイン管理,だいぜんじ幼稚園（学校法人一隅学園）,グラフィック制作,50000,0,50000,100%,-4600,-9.2%,受注済,着手中,一括請求,,,2025-07-31,,
292198,1603,商品追加対応,株式会社彩光コーポレーション,WEB制作,24000,0,24000,100%,18100,75.4%,受注済,着手中,一括請求,,,2025-06-30,,
292189,1602,委託業務（6月）,F08_大崎上島町,ふるさと納税委託業務,200000,0,200000,100%,-16800,-8.4%,受注済,納品済,一括請求,,,2025-06-30,,
292188,1601,委託業務（6月）,F07_嬬恋村,ふるさと納税委託業務,500000,0,500000,100%,-654200,-130.8%,受注済,納品済,一括請求,,,2025-06-30,,
292186,1600,委託業務（6月）,F05_牛久市,ふるさと納税委託業務,500000,0,500000,100%,-1040225,-208%,受注済,納品済,一括請求,,,2025-06-30,,
292185,1599,委託業務（6月）,F04_桜川市,ふるさと納税委託業務,500000,0,500000,100%,-801325,-160.3%,受注済,納品済,一括請求,,,2025-06-30,,
292184,1598,委託業務（6月）,F03_筑西市,ふるさと納税委託業務,500000,0,500000,100%,-976425,-195.3%,受注済,納品済,一括請求,,,2025-06-30,,
292181,1596,委託業務（6月）,F01_つくばみらい市,ふるさと納税委託業務,500000,0,500000,100%,-2155200,-431%,受注済,納品済,一括請求,,,2025-06-30,,
291064,1595,ホームページリニューアル・年間保守費,株式会社アイ・リファイン,WEB制作,735000,0,735000,100%,535450,72.9%,受注済,着手中,一括請求,,,2025-07-31,,
290031,1594,横長短尺動画制作,未来工房,動画制作,40000,0,40000,100%,27950,69.9%,受注済,着手中,一括請求,,,2025-05-31,,
288753,1593,ホームページリニューアル＋保守管理（通常プラン）,執行茂寿園,WEB制作,1500000,0,1500000,100%,1103325,73.6%,受注済,着手中,一括請求,,,2025-07-31,,
288742,1592,キャンペーンチラシ2025,永松工業株式会社,グラフィック制作,128500,0,128500,100%,29575,23%,受注済,着手中,一括請求,,,2025-06-30,,
288515,1591,季刊誌HARMONY2025夏号,香和印刷株式会社,グラフィック制作,160000,0,160000,100%,-8850,-5.5%,受注済,着手中,一括請求,,,2025-06-30,,
288114,1590,アイス商品ラベル追加デザイン制作1種,F04_桜川市,グラフィック制作,97500,0,97500,100%,68825,70.6%,受注済,着手中,一括請求,,,2025-06-30,,
288012,1589,25年06月業務委託,エンサイクロ encyclo,WEB制作,320000,0,320000,100%,89000,27.8%,受注済,着手中,一括請求,,,2025-06-30,,
288011,1588,25年05月業務委託,エンサイクロ encyclo,WEB制作,320000,0,320000,100%,289200,90.4%,受注済,着手中,一括請求,,,2025-05-31,,
287356,1587,ホームページ修正・更新,株式会社エフジー,WEB制作,7500,0,7500,100%,-1300,-17.3%,受注済,着手中,一括請求,,,2025-05-31,,
287355,1586,サイト保守管理（25年5月～26年4月）,株式会社エフジー,保守管理・毎月,60000,0,60000,100%,49000,81.7%,受注済,着手中,一括請求,,,2025-05-31,,
287325,1585,第8回草の日フォトコンテスト運営業務（2025年）,株式会社オーレックホールディングス,WEB制作,1240000,0,1240000,100%,329875,26.6%,受注済,未着手,一括請求,,,2025-09-30,,
287119,1584,委託業務（5月）,F08_大崎上島町,ふるさと納税委託業務,133700,0,133700,100%,-75725,-56.6%,受注済,検収済,一括請求,,,2025-05-31,"集計期間：2025/05/01～05/31
寄附方法：さとふる、ふるさとプラスを除くすべて
結果：71 件／2,674,000円",
287118,1583,委託業務（5月）,F07_嬬恋村,ふるさと納税委託業務,762600,0,762600,100%,-471100,-61.8%,受注済,検収済,一括請求,,,2025-05-31,"嬬恋村:864件 / 19,065,000円",
287117,1582,委託業務（5月）,F05_牛久市,ふるさと納税委託業務,886474,0,886474,100%,-256801,-29%,受注済,検収済,一括請求,,,2025-05-31,"牛久市:1,189件 / 31,659,800円",
287116,1581,委託業務（5月）,F04_桜川市,ふるさと納税委託業務,686913,0,686913,100%,-404137,-58.8%,受注済,検収済,一括請求,,,2025-05-31,"桜川市:1,534件 / 24,532,600円",
287115,1580,委託業務（5月）,F03_筑西市,ふるさと納税委託業務,859348,0,859348,100%,-541252,-63%,受注済,検収済,一括請求,,,2025-05-31,"筑西市:1,804 件 / 30,691,000円",
287114,1579,委託業務（5月）,F01_つくばみらい市,ふるさと納税委託業務,2828588,0,2828588,100%,747288,26.4%,受注済,検収済,一括請求,,,2025-05-31,"くばみらい市:4,952件 / 101,021,000円
(ふるさとズ・コンシェルジュ除く）",
284865,1578,新園舎撮影（半日）,つくし幼稚園（大石学園）,動画制作,100000,0,100000,100%,68050,68.1%,受注済,着手中,一括請求,,,2025-05-31,,
283140,1577,25年1月-6月保守管理,KEK（協和園芸開発株式会社）,WEB制作,150000,0,150000,100%,6400,4.3%,受注済,着手中,一括請求,,,2025-02-28,,
283132,1576,新事業所の立て看板制作・施工,伍福会,グラフィック制作,170000,0,170000,100%,119800,70.5%,受注済,着手中,一括請求,,,2025-05-31,,
282746,1575,【2025年4月】オープンキャンパスLP改修,九州大谷短期大学,WEB制作,700000,0,700000,100%,627725,89.7%,受注済,着手中,一括請求,,,2025-04-30,,
282678,1574,嬬恋村 別荘所有者向け振替用紙付き 冊子制作,F07_嬬恋村,グラフィック制作,210000,0,210000,100%,84550,40.3%,受注済,着手中,一括請求,,,2025-04-30,,
282637,1573,LINE公式リッチメニュー更新,九州大谷短期大学,WEB制作,30000,0,30000,100%,14275,47.6%,受注済,着手中,一括請求,,,2025-05-31,,
282636,1572,2026年度入試広報用／ホームページ改修,九州大谷短期大学,WEB制作,500000,0,500000,100%,360600,72.1%,受注済,着手中,一括請求,,,2025-05-31,,
281909,1571,25年06月デザイン管理,だいぜんじ幼稚園（学校法人一隅学園）,グラフィック制作,50000,0,50000,100%,41675,83.4%,受注済,未着手,一括請求,,,2025-06-30,,
281908,1570,25年05月デザイン管理,だいぜんじ幼稚園（学校法人一隅学園）,グラフィック制作,50000,0,50000,100%,-99450,-198.9%,受注済,未着手,一括請求,,,2025-05-31,,
281907,1569,25年04月デザイン管理,だいぜんじ幼稚園（学校法人一隅学園）,グラフィック制作,50000,0,50000,100%,33500,67%,受注済,着手中,一括請求,,,2025-04-30,,
281906,1568,25年06月業務委託,日本ハムマーケティング,WEB制作,400000,0,400000,100%,-56700,-14.2%,受注済,未着手,一括請求,,,2025-06-30,,
281905,1567,25年05月業務委託,日本ハムマーケティング,WEB制作,400000,0,400000,100%,-43725,-10.9%,受注済,未着手,一括請求,,,2025-05-31,,
281904,1566,25年04月業務委託,日本ハムマーケティング,WEB制作,400000,0,400000,100%,83150,20.8%,受注済,着手中,一括請求,2025-04-30,2025-04-30,2025-04-30,,
281741,1565,採用資料制作費・写真撮影,株式会社萬代,グラフィック制作,180000,0,180000,100%,-9550,-5.3%,受注済,着手中,一括請求,,,2025-06-30,,
281739,1564,ホームページリニューアル制作費（1stPage）,京の丹波　野村家,WEB制作,117600,0,117600,100%,50250,42.7%,受注済,着手中,一括請求,,,2025-07-31,,
281737,1563,パンフレット増刷,株式会社樹,グラフィック制作,37500,0,37500,100%,26400,70.4%,受注済,着手中,一括請求,,,2025-04-30,,
281274,1562,2025年度ホームページ保守管理委託業務,九州大谷短期大学,WEB制作,480000,0,480000,100%,405125,84.4%,受注済,着手中,一括請求,,,2026-03-31,,
281110,1561,みらいの森PJ動画撮影・制作費,未来工房,動画制作,920000,0,920000,100%,730750,79.4%,受注済,着手中,一括請求,,,2025-06-30,,
280886,1560,「魔改造の夜」座談会・インタビュー動画制作（2チーム分）,株式会社オーレックホールディングス,動画制作,1735000,0,1735000,100%,611300,35.2%,受注済,着手中,一括請求,,,2025-06-30,,
280844,1559,Instagram運用サポート費,未来建設,WEB制作,445000,0,445000,100%,249475,56.1%,受注済,着手中,一括請求,,,2025-04-30,,
280642,1558,委託業務（4月）,F07_嬬恋村,ふるさと納税委託業務,639080,0,639080,100%,-444795,-69.6%,受注済,検収済,一括請求,,,2025-04-30,"嬬恋村:659件 / 15,977,000円",
280641,1557,委託業務（4月）,F05_牛久市,ふるさと納税委託業務,867247,0,867247,100%,-235978,-27.2%,受注済,検収済,一括請求,,,2025-04-30,"牛久市:1,055件 / 30,973,100円",
280640,1556,委託業務（4月）,F04_桜川市,ふるさと納税委託業務,529732,0,529732,100%,-1076393,-203.2%,受注済,検収済,一括請求,,,2025-04-30,"桜川市:1,182件 / 18,919,000円",
280639,1555,委託業務（4月）,F03_筑西市,ふるさと納税委託業務,1055012,0,1055012,100%,-398288,-37.8%,受注済,検収済,一括請求,,,2025-04-30,"筑西市:2,085件 / 37,679,000円",
280638,1554,委託業務（4月）,F01_つくばみらい市,ふるさと納税委託業務,5622932,0,5622932,100%,3610632,64.2%,受注済,検収済,一括請求,,,2025-04-30,"つくばみらい市:10,778件 / 200,819,000円
(ふるさとズ・コンシェルジュ除く）",
280564,1553,シンプルツーバイフォー事業DX支援（6月分）,シンプルツーバイフォー株式会社,企画・コンサル,500000,0,500000,100%,432125,86.4%,受注済,着手中,一括請求,,,2025-06-30,,
280563,1552,シンプルツーバイフォー事業DX支援（5月分）,シンプルツーバイフォー株式会社,企画・コンサル,500000,0,500000,100%,491700,98.3%,受注済,着手中,一括請求,,,2025-05-31,,
280561,1551,シンプルツーバイフォー事業DX支援（4月分）,シンプルツーバイフォー株式会社,企画・コンサル,500000,0,500000,100%,311425,62.3%,受注済,着手中,一括請求,,,2025-04-30,,
280560,1550,25年04月業務委託,エンサイクロ encyclo,WEB制作,320000,0,320000,100%,257850,80.6%,受注済,着手中,一括請求,,,2025-04-30,,
280082,1549,LW個別パンフレットの紙面更新,株式会社エフジー,グラフィック制作,30000,0,30000,100%,19825,66.1%,受注済,着手中,一括請求,,,2025-04-30,,
280079,1548,くるめゴム技術講座パンフレット　年度更新,久留米リサーチ・パーク,グラフィック制作,30000,0,30000,100%,11500,38.3%,受注済,着手中,一括請求,,,2025-04-30,,
280031,1547,ECサイト年度末改修,大川観光協会・大川TERRAZZA,WEB制作,4420000,0,4420000,100%,4341625,98.2%,受注済,着手中,一括請求,,,2025-03-31,,
279804,1546,ひよこクラブのチラシ制作/印刷・ポスティング,だいぜんじ幼稚園（学校法人一隅学園）,グラフィック制作,341016,0,341016,100%,221141,64.8%,受注済,着手中,一括請求,,,2025-04-30,,
279466,1545,「魔改造の夜」展示用パネル,株式会社オーレックホールディングス,グラフィック制作,264000,0,264000,100%,99375,37.6%,受注済,着手中,一括請求,,,2025-04-30,,
279101,1544,25年03月業務委託,エンサイクロ encyclo,WEB制作,320000,0,320000,100%,311700,97.4%,受注済,着手中,一括請求,,,2025-03-31,,
278954,1543,"企業向け大学ガイド制作・印刷（1,000部）",久留米工業大学,グラフィック制作,120000,0,120000,100%,24725,20.6%,受注済,着手中,一括請求,,,2025-04-30,,
277551,1542,バースデーシール制作,だいぜんじ幼稚園（学校法人一隅学園）,グラフィック制作,28250,0,28250,100%,6975,24.7%,受注済,検収済,一括請求,,,2025-03-31,,
277489,1541,令和7年度総会パンフレット制作,介護ネット,グラフィック制作,150000,0,150000,100%,-23325,-15.6%,受注済,着手中,一括請求,,,2025-04-30,,
277239,1540,委託業務（３月）,F07_嬬恋村,ふるさと納税委託業務,766860,0,766860,100%,-589490,-76.9%,受注済,検収済,一括請求,,,2025-03-31,"嬬恋村:550件 / 19,171,500円",
277238,1539,委託業務（３月）,F05_牛久市,ふるさと納税委託業務,1509150,0,1509150,100%,742300,49.2%,受注済,検収済,一括請求,,,2025-03-31,"牛久市:1,075件 / 53,898,200円",
277237,1538,委託業務（３月）,F04_桜川市,ふるさと納税委託業務,637000,0,637000,100%,-204525,-32.1%,受注済,検収済,一括請求,,,2025-03-31,"桜川市:1,206件 / 22,750,000円",
277236,1537,委託業務（３月）,F03_筑西市,ふるさと納税委託業務,1192436,0,1192436,100%,-164164,-13.8%,受注済,検収済,一括請求,,,2025-03-31,"筑西市:2,239件 / 42,587,000円",
277235,1536,委託業務（３月）,F02_八千代町,,1000000,0,1000000,100%,378050,37.8%,受注済,着手中,一括請求,,,2025-03-31,,
277234,1535,委託業務（３月）,F01_つくばみらい市,ふるさと納税委託業務,3926580,0,3926580,100%,2574705,65.6%,受注済,検収済,一括請求,,,2025-03-31,"つくばみらい市:7,374件 / 140,235,000円
(ふるさとズ・コンシェルジュ除く）",
277111,1534,「魔改造の夜」採用コンテンツ制作,株式会社オーレックホールディングス,WEB制作,1000000,0,1000000,100%,512200,51.2%,受注済,着手中,一括請求,,,2025-04-30,,
276385,1533,ラベル印刷,株式会社たけ屋,グラフィック制作,46000,0,46000,100%,40600,88.3%,受注済,着手中,一括請求,,,2025-02-28,,
275759,1532,感謝状データ制作,ラブ・グリーンの会,グラフィック制作,20000,0,20000,100%,6125,30.6%,受注済,着手中,一括請求,,,2025-03-31,,
275264,1531,40周年記念誌-自社広告ページデータ制作,株式会社オーレックホールディングス,グラフィック制作,50000,0,50000,100%,-47750,-95.5%,受注済,着手中,一括請求,,,2025-03-31,,
275263,1530,40周年記念誌・チラシデータ制作,ラブ・グリーンの会,グラフィック制作,540000,0,540000,100%,205150,38%,受注済,着手中,一括請求,,,2025-03-31,,
269070,1529,モデルハウスショート動画制作費（2月ご請求分）,未来工房,動画制作,380000,0,380000,100%,312275,82.2%,受注済,着手中,一括請求,,,2025-02-28,,
268991,1528,OCハガキデザイン制作・印刷（2月納品）,九州大谷短期大学,グラフィック制作,30000,0,30000,100%,2600,8.7%,受注済,着手中,一括請求,,,2025-02-28,,
268974,1527,季刊誌HARMONY2025春号,香和印刷株式会社,グラフィック制作,160000,0,160000,100%,-40000,-25%,受注済,着手中,一括請求,,,2025-03-31,,
268667,1526,25年02月業務委託,エンサイクロ encyclo,WEB制作,320000,0,320000,100%,-298750,-93.4%,受注済,着手中,一括請求,,,2025-02-28,,
268577,1525,委託業務（２月）,F07_嬬恋村,ふるさと納税委託業務,546400,0,546400,100%,-606225,-110.9%,受注済,検収済,一括請求,,,2025-02-28,"嬬恋村:340件 / 13,660,000円",
268576,1524,委託業務（２月）,F05_牛久市,ふるさと納税委託業務,566468,0,566468,100%,-246257,-43.5%,受注済,検収済,一括請求,,,2025-02-28,"牛久市:811件 / 20,231,000円",
268575,1523,委託業務（２月）,F04_桜川市,ふるさと納税委託業務,506506,0,506506,100%,-675019,-133.3%,受注済,検収済,一括請求,,,2025-02-28,"桜川市:814件 / 18,089,500円",
268574,1522,委託業務（２月）,F03_筑西市,ふるさと納税委託業務,610820,0,610820,100%,64220,10.5%,受注済,検収済,一括請求,,,2025-02-28,"筑西市:1,173件 / 21,815,000円",
268573,1521,委託業務（２月）,F02_八千代町,ふるさと納税委託業務,3234168,0,3234168,100%,2720693,84.1%,受注済,検収済,一括請求,,,2025-02-28,"八千代町:5,966件 / 115,506,000円",
268572,1520,委託業務（２月）,F01_つくばみらい市,ふるさと納税委託業務,1030736,0,1030736,100%,-868914,-84.3%,受注済,検収済,一括請求,,,2025-02-28,"つくばみらい市:1,918件 / 36,812,000円
(ふるさとズ・コンシェルジュ除く）",
268504,1519,シンプルツーバイフォー事業DX支援（3月分）,シンプルツーバイフォー株式会社,企画・コンサル,500000,0,500000,100%,268600,53.7%,受注済,着手中,一括請求,,,2025-03-31,,
268503,1518,シンプルツーバイフォー事業DX支援（2月分）,シンプルツーバイフォー株式会社,企画・コンサル,500000,0,500000,100%,402675,80.5%,受注済,着手中,一括請求,,,2025-02-28,,
268502,1517,シンプルツーバイフォー事業DX支援（1月分）,シンプルツーバイフォー株式会社,企画・コンサル,500000,0,500000,100%,481150,96.2%,受注済,着手中,一括請求,,,2025-01-31,,
268473,1516,自社パンフレット一部更新・増刷,柳川海苔本舗,グラフィック制作,105000,0,105000,100%,-32000,-30.5%,受注済,着手中,一括請求,,,2025-02-28,,
257028,1515,ECサイトリニューアル（Shopify）,有限会社このみ園,WEB制作,990000,0,990000,100%,-874675,-88.4%,受注済,着手中,一括請求,,,2025-03-31,,
255152,1514,シール発注,塚田商店,グラフィック制作,100700,0,100700,100%,93525,92.9%,受注済,着手中,一括請求,,,2025-01-31,,
255103,1513,委託業務（1月）,F07_嬬恋村,ふるさと納税委託業務,347160,0,347160,100%,-924490,-266.3%,受注済,検収済,一括請求,,,2025-01-31,"嬬恋村:357件 / 8,679,000円",
255102,1512,委託業務（1月）,F05_牛久市,ふるさと納税委託業務,732634,0,732634,100%,-194416,-26.5%,受注済,検収済,一括請求,,,2025-01-31,"牛久市:760件 / 26,165,500円",
255101,1511,委託業務（1月）,F04_桜川市,ふるさと納税委託業務,416108,0,416108,100%,-627942,-150.9%,受注済,検収済,一括請求,,,2025-01-31,"桜川市:835件 / 14,861,000円",
255100,1510,委託業務（1月）,F03_筑西市,ふるさと納税委託業務,538636,0,538636,100%,-1186364,-220.3%,受注済,検収済,一括請求,,,2025-01-31,"筑西市:1,169 件 / 19,237,000円",
255099,1509,委託業務（1月）,F02_八千代町,ふるさと納税委託業務,2560908,0,2560908,100%,1933883,75.5%,受注済,検収済,一括請求,,,2025-01-31,"八千代町:4,162件 / 91,461,000円",
255098,1508,委託業務（1月）,F01_つくばみらい市,ふるさと納税委託業務,1727432,0,1727432,100%,1457,0.1%,受注済,検収済,一括請求,,,2025-01-31,"つくばみらい市:2,757件 / 61,694,000円
(ふるさとズ・コンシェルジュ除く）",
255089,1507,専門家派遣／有限会社このみ園（1回目）,八女商工会議所,企画・コンサル,22728,0,22728,100%,-5872,-25.8%,受注済,着手中,一括請求,,,2025-01-31,,
254555,1506,25年01月業務委託,エンサイクロ encyclo,WEB制作,320000,0,320000,100%,45625,14.3%,受注済,着手中,一括請求,,,2025-01-31,,
254545,1505,オープンキャンパス2025／LP更新,九州大谷短期大学,WEB制作,180000,0,180000,100%,125450,69.7%,受注済,着手中,一括請求,,,2025-08-31,,
253931,1504,EC掲載用画像デザイン(いちご3種),KEK（協和園芸開発株式会社）,WEB制作,100000,0,100000,100%,14475,14.5%,受注済,着手中,一括請求,,,2024-12-31,,
253476,1503,2025年度入学者用 大学案内制作一式,九州大谷短期大学,グラフィック制作,2448000,0,2448000,100%,2448000,100%,受注済,着手中,一括請求,,,2025-02-28,,
253441,1502,LW個別パンフレットの紙面更新,株式会社エフジー,グラフィック制作,50000,0,50000,100%,22825,45.7%,受注済,着手中,一括請求,,,2024-12-31,,
253439,1501,高大連携LP保守（2025年4月～2026年3月）,久留米工業大学,WEB制作,117600,0,117600,100%,82625,70.3%,受注済,着手中,一括請求,,,2025-04-01,,
253438,1500,高大連携チラシ2025年度向け更新作業,久留米工業大学,グラフィック制作,40000,0,40000,100%,-1625,-4.1%,受注済,着手中,一括請求,,,2025-03-31,,
253356,1499,ホームページ リバーサイド事業紹介ページ追加,大川観光協会・大川TERRAZZA,WEB制作,320000,0,320000,100%,243725,76.2%,受注済,着手中,一括請求,,,2025-02-28,,
253281,1498,GBサービスパンフレット制作・印刷,株式会社森KG,グラフィック制作,290000,0,290000,100%,135150,46.6%,受注済,着手中,一括請求,,,2025-01-31,,
253280,1497,自社パンフレット更新・印刷,株式会社森KG,グラフィック制作,166000,0,166000,100%,-91500,-55.1%,受注済,着手中,一括請求,,,2025-01-31,,
252532,1496,楠の木HPリニューアル制作,株式会社樹,WEB制作,610000,0,610000,100%,249300,40.9%,受注済,着手中,一括請求,,,2025-03-31,,
252404,1495,サイト保守（2024/12～2025/11）,源貿易,WEB制作,60000,0,60000,100%,30375,50.6%,受注済,着手中,一括請求,,,2024-12-31,,
252107,1494,ふるさと納税 お礼メール（デジタルカード）制作（改）,つくばみらい市（受託用）,WEB制作,190000,0,190000,100%,139125,73.2%,受注済,着手中,一括請求,,,2024-12-31,,
252106,1493,ふるさと納税 PRチラシ制作（繊維屋様）,つくばみらい市（受託用）,グラフィック制作,88400,0,88400,100%,56950,64.4%,受注済,着手中,一括請求,,,2025-01-31,,
250343,1492,入園案内チラシ修正制作,つくし幼稚園（大石学園）,グラフィック制作,40000,0,40000,100%,-11400,-28.5%,受注済,着手中,一括請求,,,2024-12-31,,
250182,1489,採用ミニカード制作,伍福会,グラフィック制作,50000,0,50000,100%,-25250,-50.5%,受注済,着手中,一括請求,,,2024-12-31,,
249959,1488,24年12月業務委託,エンサイクロ encyclo,WEB制作,320000,0,320000,100%,200125,62.5%,受注済,着手中,一括請求,,,2024-12-31,,
249872,1487,委託業務（12月）,F07_嬬恋村,ふるさと納税委託業務,3813120,0,3813120,100%,2410470,63.2%,受注済,検収済,一括請求,,,2024-12-31,"嬬恋村:1,887件 / 95,328,000円",
249871,1486,委託業務（12月）,F05_牛久市,ふるさと納税委託業務,7111712,0,7111712,100%,5306637,74.6%,受注済,検収済,一括請求,,,2024-12-31,"牛久市:10,152件 / 253,989,700円",
249870,1485,委託業務（12月）,F04_桜川市,ふるさと納税委託業務,4922260,0,4922260,100%,3653110,74.2%,受注済,検収済,一括請求,,,2024-12-31,"桜川市:9,635件 / 175,795,000円",
249869,1484,委託業務（12月）,F03_筑西市,ふるさと納税委託業務,5275592,0,5275592,100%,4022342,76.2%,受注済,検収済,一括請求,,,2024-12-31,"筑西市:12,239 件 / 188,414,000円",
249868,1483,委託業務（12月）,F02_八千代町,ふるさと納税委託業務,6516936,0,6516936,100%,5803436,89.1%,受注済,検収済,一括請求,,,2024-12-31,"八千代町:13,208件 / 232,747,700円",
249867,1482,委託業務（12月）,F01_つくばみらい市,ふるさと納税委託業務,31134690,0,31134690,100%,29059690,93.3%,受注済,検収済,一括請求,,,2024-12-31,"つくばみらい市:46,306件 / 1,111,953,200円
(ふるさとズ・コンシェルジュ除く）",
247961,1481,商品登録・確認作業,源貿易,WEB制作,280000,0,280000,100%,228025,81.4%,受注済,着手中,一括請求,,,2024-12-31,,
247960,1480,BASARE20号,九重町（BASARE）,グラフィック制作,660000,0,660000,100%,39675,6%,受注済,着手中,一括請求,,,2025-03-31,,
247562,1479,販促デザイン制作,株式会社あどれす,グラフィック制作,240000,0,240000,100%,94225,39.3%,受注済,着手中,一括請求,,,2024-12-31,,
247331,1478,24年11月業務委託,エンサイクロ encyclo,WEB制作,320000,0,320000,100%,197975,61.9%,受注済,着手中,一括請求,,,2024-11-30,,
247283,1477,モデルハウスショート動画撮影・制作,未来工房,動画制作,600000,0,600000,100%,-401375,-66.9%,受注済,着手中,一括請求,,,2024-12-31,,
247114,1476,委託業務（11月）,F07_嬬恋村,ふるさと納税委託業務,1084360,0,1084360,100%,-573615,-52.9%,受注済,検収済,一括請求,,,2024-11-30,"嬬恋村:686件 / 27,109,000円",
247113,1475,委託業務（11月）,F05_牛久市,ふるさと納税委託業務,2713514,0,2713514,100%,1122989,41.4%,受注済,検収済,一括請求,,,2024-11-30,"牛久市:3,971件 / 96,911,200円",
247112,1474,委託業務（11月）,F04_桜川市,ふるさと納税委託業務,1138116,0,1138116,100%,-57584,-5.1%,受注済,検収済,一括請求,,,2024-11-30,"桜川市:2,461件 / 40,647,000円",
247111,1473,委託業務（11月）,F03_筑西市,ふるさと納税委託業務,1726508,0,1726508,100%,459583,26.6%,受注済,検収済,一括請求,,,2024-11-30,"筑西市:4,120 件 / 61,661,000円",
247110,1472,委託業務（11月）,F02_八千代町,ふるさと納税委託業務,6136536,0,6136536,100%,5309711,86.5%,受注済,検収済,一括請求,,,2024-11-30,"八千代町:11,702件 / 219,162,000円",
247109,1471,委託業務（11月）,F01_つくばみらい市,ふるさと納税委託業務,8033788,0,8033788,100%,6231288,77.6%,受注済,検収済,一括請求,,,2024-11-30,"つくばみらい市:13,037件 / 286,921,000円
(ふるさとズ・コンシェルジュ除く）",
246992,1470,季刊誌HARMONY2024冬号,香和印刷株式会社,グラフィック制作,160000,0,160000,100%,-20975,-13.1%,受注済,着手中,一括請求,,,2024-12-31,,
246556,1469,食べ比べセット用シール印刷,塚田商店,グラフィック制作,92000,0,92000,100%,90250,98.1%,受注済,着手中,一括請求,,,2024-11-30,,
246444,1468,レール取付けの説明動画,松田家具,動画制作,100000,0,100000,100%,19625,19.6%,受注済,着手中,一括請求,,,2024-11-30,,
245126,1467,SNS運用セミナー,楠病院,企画・コンサル,100000,0,100000,100%,50500,50.5%,受注済,着手中,一括請求,,,2024-10-24,,
245063,1466,リーフレット制作,三川屋,グラフィック制作,210000,0,210000,100%,88175,42%,受注済,着手中,一括請求,,,2024-11-30,,
243450,1465,委託業務（10月）,F07_嬬恋村,ふるさと納税委託業務,594440,0,594440,100%,-861585,-144.9%,受注済,検収済,一括請求,,,2024-10-31,"399件 / 14,861,000円",
243449,1464,委託業務（10月）,F05_牛久市,ふるさと納税委託業務,1363180,0,1363180,100%,-253545,-18.6%,受注済,検収済,一括請求,,,2024-10-31,"1,982件 / 48,685,000円",
243448,1463,委託業務（10月）,F04_桜川市,ふるさと納税委託業務,544544,0,544544,100%,-1049531,-192.7%,受注済,検収済,一括請求,,,2024-10-31,"1,146件 / 19,448,000円",
243447,1462,委託業務（10月）,F03_筑西市,ふるさと納税委託業務,851956,0,851956,100%,-1703569,-200%,受注済,検収済,一括請求,,,2024-10-31,"1,988 件 / 30,427,000円",
243446,1461,委託業務（10月）,F02_八千代町,ふるさと納税委託業務,5527144,0,5527144,100%,4653569,84.2%,受注済,検収済,一括請求,,,2024-10-31,"10,996件 / 197,398,000円",
243445,1460,委託業務（10月）,F01_つくばみらい市,ふるさと納税委託業務,2353344,0,2353344,100%,708819,30.1%,受注済,検収済,一括請求,,,2024-10-31,"4,106件 / 84,048,000円",
243356,1459,24年10月業務委託,エンサイクロ encyclo,WEB制作,320000,0,320000,100%,167350,52.3%,受注済,着手中,一括請求,,,2024-10-31,,
243231,1458,総合パンフレット増刷（ずらし印刷）,楠病院,グラフィック制作,228000,0,228000,100%,219625,96.3%,受注済,着手中,一括請求,,,2024-10-31,,
240116,1457,サイトリニューアル（GT-Agri）,源貿易,WEB制作,900000,0,900000,100%,-772950,-85.9%,受注済,着手中,一括請求,,,2024-12-31,,
239838,1456,会社パンフレット制作,株式会社フクナン開発,グラフィック制作,540000,0,540000,100%,-82800,-15.3%,受注済,着手中,一括請求,,,2024-11-30,,
239642,1455,同梱チラシデータ提供費,塚田商店,グラフィック制作,70000,0,70000,100%,57450,82.1%,受注済,着手中,一括請求,,,2024-09-30,,
238773,1453,こころのいろ更新制作,だいぜんじ幼稚園（学校法人一隅学園）,グラフィック制作,390500,0,390500,100%,112150,28.7%,受注済,検収済,一括請求,,,2024-12-31,,
237937,1451,オープンキャンパス告知チラシ制作・印刷,九州大谷短期大学,グラフィック制作,62000,0,62000,100%,31575,50.9%,受注済,着手中,一括請求,,,2024-09-30,,
237825,1450,委託業務（9月）,F07_嬬恋村,ふるさと納税委託業務,653200,0,653200,100%,-627075,-96%,受注済,検収済,一括請求,,,2024-09-30,"549件 / 16,330,000円",
237824,1449,委託業務（9月）,F05_牛久市,ふるさと納税委託業務,1091188,0,1091188,100%,-220037,-20.2%,受注済,検収済,一括請求,,,2024-09-30,"1,861件 / 38,971,000円",
237823,1448,委託業務（9月）,F04_桜川市,ふるさと納税委託業務,696416,0,696416,100%,-690634,-99.2%,受注済,検収済,一括請求,,,2024-09-30,"1,834件 / 24,872,000円",
237822,1447,委託業務（9月）,F03_筑西市,ふるさと納税委託業務,758156,0,758156,100%,-603669,-79.6%,受注済,検収済,一括請求,,,2024-09-30,"1,650件 / 27,077,000円",
237821,1446,委託業務（9月）,F02_八千代町,ふるさと納税委託業務,2420152,0,2420152,100%,1755777,72.5%,受注済,検収済,一括請求,,,2024-09-30,"6,176件 / 86,434,000円",
237820,1445,委託業務（9月）,F01_つくばみらい市,ふるさと納税委託業務,2255288,0,2255288,100%,844288,37.4%,受注済,検収済,一括請求,,,2024-09-30,"4,659件 / 80,546,000円",
237291,1444,R6年度くるめ光の祭典ほとめきファンタジー情報発信業務,くるめ光の祭典 実行委員会,WEB制作,800000,0,800000,100%,-589575,-73.7%,受注済,着手中,一括請求,,,2025-02-28,,
237109,1443,赤ちゃんうどん　デザインリニューアル,株式会社たけ屋,グラフィック制作,120000,0,120000,100%,29500,24.6%,受注済,着手中,一括請求,,,2024-10-31,,
237108,1442,栗PRイベント用　法被制作,京丹波町,グラフィック制作,132000,0,132000,100%,20800,15.8%,受注済,着手中,一括請求,,,2024-09-30,,
236982,1441,24年09月業務委託,エンサイクロ encyclo,WEB制作,200000,0,200000,100%,-1075,-0.5%,受注済,着手中,一括請求,,,2024-09-30,,
236800,1440,オープンキャンパスLP 修正,九州大谷短期大学,WEB制作,130000,0,130000,100%,66175,50.9%,受注済,着手中,一括請求,,,2024-12-31,,
236799,1439,OC ハガキデザイン制作・印刷（高校3年生向け）,九州大谷短期大学,グラフィック制作,107600,0,107600,100%,63800,59.3%,受注済,着手中,一括請求,,,2024-12-31,,
236798,1438,OC ハガキデザイン制作・印刷（高校2年生向け）,九州大谷短期大学,グラフィック制作,45000,0,45000,100%,-15350,-34.1%,受注済,着手中,一括請求,,,2024-09-30,,
236104,1437,2024運動会タオル制作,だいぜんじ幼稚園（学校法人一隅学園）,グラフィック制作,90000,0,90000,100%,79125,87.9%,受注済,検収済,一括請求,,,2024-09-30,,
235486,1436,LINE公式アカウント改善一式,久留米工業大学,WEB制作,450000,0,450000,100%,379550,84.3%,受注済,着手中,一括請求,,,2024-10-31,,
235085,1435,教職員名刺（カード）印刷（20名分・各20部）,久留米工業大学,グラフィック制作,98000,0,98000,100%,52500,53.6%,受注済,着手中,一括請求,,,2024-08-31,,
234972,1434,バナーの設置と撤去作業,塚田商店,WEB制作,60000,0,60000,100%,27000,45%,受注済,検収済,一括請求,,,2024-08-31,,
234248,1433,入園説明会のチラシ印刷・ポスティング,だいぜんじ幼稚園（学校法人一隅学園）,グラフィック制作,245694,0,245694,100%,210969,85.9%,受注済,検収済,一括請求,,,2024-08-31,,
234247,1432,2024パンフレット更新,成田山幼稚園,グラフィック制作,120000,0,120000,100%,-24225,-20.2%,受注済,着手中,一括請求,,,2024-08-31,,
234203,1431,保護者の声冊子,だいぜんじ幼稚園（学校法人一隅学園）,グラフィック制作,152500,0,152500,100%,-3000,-2%,受注済,検収済,一括請求,,,2024-08-31,,
234202,1430,イベント用テーブルクロス制作,大川観光協会・大川TERRAZZA,グラフィック制作,200000,0,200000,100%,106125,53.1%,受注済,着手中,一括請求,,,2024-09-30,,
234201,1429,チラシ制作,つくし幼稚園（大石学園）,グラフィック制作,65000,0,65000,100%,-5150,-7.9%,受注済,着手中,一括請求,,,2024-08-31,,
234040,1428,24年08月業務委託,エンサイクロ encyclo,WEB制作,200000,0,200000,100%,33600,16.8%,受注済,検収済,一括請求,,,2024-08-31,,
233843,1427,季刊誌HARMONY2024秋号,香和印刷株式会社,グラフィック制作,160000,0,160000,100%,675,0.4%,受注済,着手中,一括請求,,,2024-09-30,,
233812,1426,委託業務（8月）,F07_嬬恋村,ふるさと納税委託業務,722880,0,722880,100%,-627420,-86.8%,受注済,検収済,一括請求,,,2024-08-31,"379件 / 18,072,000円",
233811,1425,委託業務（8月）,F05_牛久市,ふるさと納税委託業務,761124,0,761124,100%,-545701,-71.7%,受注済,検収済,一括請求,,,2024-08-31,"1,260件 / 27,183,000円",
233810,1424,委託業務（8月）,F04_桜川市,ふるさと納税委託業務,476056,0,476056,100%,-674494,-141.7%,受注済,検収済,一括請求,,,2024-08-31,"1,155件 / 17,002,000円",
233809,1423,委託業務（8月）,F03_筑西市,ふるさと納税委託業務,618688,0,618688,100%,-556112,-89.9%,受注済,検収済,一括請求,,,2024-08-31,"1,401件 / 22,096,000円",
233808,1422,委託業務（8月）,F02_八千代町,ふるさと納税委託業務,650580,0,650580,100%,-171870,-26.4%,受注済,検収済,一括請求,,,2024-08-31,"1,870件 / 23,235,000円",
233807,1421,委託業務（8月）,F01_つくばみらい市,ふるさと納税委託業務,1196440,0,1196440,100%,-244910,-20.5%,受注済,検収済,一括請求,,,2024-08-31,"2,759件 / 42,730,000円",
227880,1420,誌面広告制作,三井三池製作所,グラフィック制作,20000,0,20000,100%,-10900,-54.5%,受注済,着手中,一括請求,,,2024-08-31,,
227847,1419,福祉サービス紹介用 ポストカード制作・印刷,株式会社森KG,グラフィック制作,60000,0,60000,100%,20900,34.8%,受注済,着手中,一括請求,,,2024-08-31,,
227073,1418,Shopify保守管理作業,株式会社ほう・れん・そう,保守管理・毎月,60000,0,60000,100%,53400,89%,受注済,着手中,一括請求,,,2024-11-30,,
226773,1417,電照看板データ制作費,三井三池製作所,WEB制作,80000,0,80000,100%,10750,13.4%,受注済,検収済,一括請求,,,2024-07-31,,
226769,1416,サイト制作のための、初期サポート費,"The Member（OFFICE M'S co.,ltd）",WEB制作,160000,0,160000,100%,-8825,-5.5%,受注済,着手中,一括請求,,,2024-08-31,,
226768,1415,ホームページ制作費（1stPage）,"The Member（OFFICE M'S co.,ltd）",WEB制作,117600,0,117600,100%,-254175,-216.1%,受注済,着手中,定期請求,,,定期(毎月),,
226763,1414,彩菱茶商品追加,株式会社彩光コーポレーション,WEB制作,24000,0,24000,100%,13825,57.6%,受注済,検収済,一括請求,,,2024-07-31,,
226754,1413,パンフレット制作,幸輪福祉会,グラフィック制作,166200,0,166200,100%,-119425,-71.9%,受注済,着手中,一括請求,,,2024-08-31,,
226658,1412,SNSレクチャー,楠病院,動画制作,100000,0,100000,100%,-51925,-51.9%,受注済,着手中,一括請求,,,2024-09-30,,
226657,1411,【24年度】ふるさと納税特設サイト関連業務,日本ハムマーケティング,WEB制作,2400000,0,2400000,100%,-3615450,-150.6%,受注済,検収済,定期請求,,,定期(毎月),,
225784,1410,OCDM（7/16納品・8/5納品）,九州大谷短期大学,グラフィック制作,46000,0,46000,100%,-6725,-14.6%,受注済,検収済,一括請求,,,2024-07-31,,
225737,1409,HP保守管理,ケンコントロールズ,保守管理・毎月,60000,0,60000,100%,55600,92.7%,受注済,着手中,一括請求,,,2024-01-31,,
225125,1408,24年07月業務委託,エンサイクロ encyclo,WEB制作,200000,0,200000,100%,-2250,-1.1%,受注済,検収済,一括請求,,,2024-07-31,,
225111,1407,委託業務（7月）,F07_嬬恋村,ふるさと納税委託業務,704400,0,704400,100%,-842475,-119.6%,受注済,検収済,一括請求,,,2024-07-31,"305件 / 17,610,000円",
225110,1406,委託業務（7月）,F05_牛久市,ふるさと納税委託業務,906248,0,906248,100%,-335827,-37.1%,受注済,検収済,一括請求,,,2024-07-31,"1,430件 / 32,366,000円",
225109,1405,委託業務（7月）,F04_桜川市,ふるさと納税委託業務,344820,0,344820,100%,-864230,-250.6%,受注済,検収済,一括請求,,,2024-07-31,"847件 / 12,315,000円",
225108,1404,委託業務（7月）,F03_筑西市,ふるさと納税委託業務,1260280,0,1260280,100%,-333145,-26.4%,受注済,検収済,一括請求,,,2024-07-31,"3,053件 / 45,010,000円",
225106,1403,委託業務（7月）,F02_八千代町,ふるさと納税委託業務,718592,0,718592,100%,-205033,-28.5%,受注済,検収済,一括請求,,,2024-07-31,"2,107件 / 25,664,000円",
225103,1402,委託業務（7月）,F01_つくばみらい市,ふるさと納税委託業務,843472,0,843472,100%,-952903,-113%,受注済,検収済,一括請求,,,2024-07-31,"2,268件 / 30,124,000円",
221052,1401,ショート動画撮影・編集,つくし幼稚園（大石学園）,動画制作,160000,0,160000,100%,-236450,-147.8%,受注済,着手中,一括請求,,,2024-07-31,,
221047,1400,HP修正費,介護ネット,WEB制作,120000,0,120000,100%,92800,77.3%,受注済,着手中,一括請求,,,2024-07-31,,
220977,1399,2024年移住定住パンフレット制作（デザイン変更-リニューアル）,みやま市役所,グラフィック制作,814000,0,814000,100%,260200,32%,受注済,検収済,一括請求,2024-06-27,,2024-09-30,,
220938,1398,2024保守対応（2024.7-2025-6）,久留米東ロータリークラブ,WEB制作,90000,0,90000,100%,23600,26.2%,受注済,着手中,一括請求,,,2024-07-31,,
220287,1397,ショート動画制作費、初期サポート費,大川家具工業会,動画制作,300000,0,300000,100%,-72775,-24.3%,受注済,未着手,一括請求,,,2024-09-30,,
219983,1396,パーカー制作費,だいぜんじ幼稚園（学校法人一隅学園）,グラフィック制作,39660,0,39660,100%,28210,71.1%,受注済,検収済,一括請求,,,2024-07-31,,
219720,1395,街頭広告用ショート動画制作,三井三池製作所,動画制作,370000,0,370000,100%,5550,1.5%,受注済,着手中,一括請求,,,2024-09-30,,
219496,1394,OC（プレーパーク案内）チラシデータ制作,九州大谷短期大学,グラフィック制作,30000,0,30000,100%,4450,14.8%,受注済,検収済,一括請求,,,2024-06-30,,
219495,1393,OC ノベルティシール印刷,九州大谷短期大学,グラフィック制作,10000,0,10000,100%,3525,35.3%,受注済,検収済,一括請求,,,2024-06-30,,
219244,1392,プレーパークDM制作・印刷,九州大谷短期大学,グラフィック制作,98000,0,98000,100%,61925,63.2%,受注済,検収済,一括請求,,,2024-06-30,,
218474,1391,キャリアデザインプログラムアワード-広報物制作一式,久留米工業大学,グラフィック制作,270000,0,270000,100%,194525,72%,受注済,検収済,一括請求,,,2024-06-30,,
218403,1390,1stpage／サイトリニューアル,丸久鋼材,ファーストページ,595200,0,595200,100%,516000,86.7%,受注済,着手中,定期請求,,,定期(毎月),,
218255,1389,令和6年度 広川中学校キャリア教育支援委託事業,広川町,企画・コンサル,1120000,0,1120000,100%,856675,76.5%,受注済,未着手,一括請求,,,2025-02-28,,
218254,1388,令和６年度くるめ光の祭典イルミネーション全体テーマ・デザイン検討業務,久留米市役所,企画・コンサル,300000,0,300000,100%,270425,90.1%,受注済,検収済,一括請求,,,2024-08-31,,
218253,1387,リケジョ動画制作,久留米工業大学,動画制作,780000,0,780000,100%,442850,56.8%,受注済,検収済,一括請求,,,2024-07-31,,
218252,1386,ユニフォーム増刷,伍福会,グラフィック制作,200000,0,200000,100%,200000,100%,受注済,検収済,一括請求,,,2024-06-30,,
218251,1385,パンフ増刷,株式会社森KG,グラフィック制作,24000,0,24000,100%,24000,100%,受注済,納品済,一括請求,,,2024-06-30,,
217257,1384,パンフレット（A4 8ページ）制作,楠病院,グラフィック制作,120000,0,120000,100%,65475,54.6%,受注済,検収済,一括請求,,,2024-06-30,,
217224,1383,HP修正,三井幼稚園（大石学園）,グラフィック制作,7500,0,7500,100%,-112425,-1499%,受注済,検収済,一括請求,,,2024-06-30,,
217223,1382,HP修正,つくし幼稚園（大石学園）,WEB制作,7500,0,7500,100%,-39675,-529%,受注済,検収済,一括請求,,,2024-06-30,,
217196,1381,24年06月業務委託,エンサイクロ encyclo,WEB制作,200000,0,200000,100%,-93625,-46.8%,受注済,検収済,一括請求,,,2024-06-30,,
216885,1380,Tシャツ制作,だいぜんじ幼稚園（学校法人一隅学園）,グラフィック制作,82470,0,82470,100%,58520,71%,受注済,検収済,一括請求,,,2024-06-30,,
216884,1379,トートバッグ制作,だいぜんじ幼稚園（学校法人一隅学園）,グラフィック制作,92000,0,92000,100%,84075,91.4%,受注済,検収済,一括請求,,,2024-06-30,,
216869,1378,委託業務（6月）,F07_嬬恋村,ふるさと納税委託業務,781440,0,781440,100%,-866310,-110.9%,受注済,検収済,一括請求,,,2024-06-30,"426件 / 13,024,000円",
216868,1377,委託業務（6月）,F05_牛久市,ふるさと納税委託業務,1203384,0,1203384,100%,-51891,-4.3%,受注済,検収済,一括請求,,,2024-06-30,"2,105件 / 42,978,000円",
216866,1376,委託業務（6月）,F04_桜川市,ふるさと納税委託業務,440524,0,440524,100%,-708576,-160.8%,受注済,検収済,一括請求,,,2024-06-30,"1,178件 / 15,733,000円",
216865,1375,委託業務（6月）,F03_筑西市,ふるさと納税委託業務,900984,0,900984,100%,-237541,-26.4%,受注済,検収済,一括請求,,,2024-06-30,"2,244件 / 32,178,000円",
216864,1374,委託業務（6月）,F02_八千代町,ふるさと納税委託業務,1149988,0,1149988,100%,183288,15.9%,受注済,検収済,一括請求,,,2024-06-30,"3,733件 / 41,071,000円",
216862,1372,委託業務（6月）,F01_つくばみらい市,ふるさと納税委託業務,1114064,0,1114064,100%,-645661,-58%,受注済,検収済,一括請求,,,2024-06-30,"3,489件 / 39,788,000円",
213826,1371,2024オープンキャンパスチラシ制作,久留米工業大学,グラフィック制作,90000,0,90000,100%,-51350,-57.1%,受注済,検収済,一括請求,,,2024-06-30,,
213688,1370,楽天店舗ページ一部修正,千代海苔株式会社,WEB制作,16500,0,16500,100%,3850,23.3%,受注済,検収済,一括請求,,,2024-06-30,,
213157,1369,耐震等級アニメーション制作（展示場向け）,未来工房,動画制作,405000,0,405000,100%,98800,24.4%,受注済,検収済,一括請求,,,2024-07-31,,
213026,1368,商品一覧ページ改修費、商品撮影費,カラーリングファーム,WEB制作,120000,0,120000,100%,8025,6.7%,受注済,検収済,一括請求,,,2024-06-30,,
212281,1367,ダイナース・レストラン PJ,京丹波町,ふるさとズ,0,0,0,0%,-114700,0%,受注済,着手中,一括請求,,,2024-10-31,,
212279,1366,京丹波開拓プロジェクト関連,京丹波町,ふるさとズ,0,0,0,0%,-1545825,0%,受注済,着手中,一括請求,,,2024-08-31,,
209637,1365,三つ折りチラシ（2024）,永松工業株式会社,グラフィック制作,35000,0,35000,100%,29450,84.1%,受注済,検収済,一括請求,,,2024-05-31,,
205803,1364,介護リクルートページ制作（1stPage）,楠病院,WEB制作,98000,0,98000,100%,78150,79.7%,受注済,着手中,定期請求,,,定期(毎月),,
205802,1363,看護リクルートページ制作（1stPage）,楠病院,WEB制作,98000,0,98000,100%,98000,100%,受注済,着手中,定期請求,,,定期(毎月),,
205801,1362,リクルートページ制作（1stPage）,アルブ,WEB制作,127400,0,127400,100%,-233025,-182.9%,受注済,着手中,定期請求,,,定期(毎月),,
205779,1361,季刊誌HARMONY2024夏号,香和印刷株式会社,グラフィック制作,160000,0,160000,100%,-90800,-56.8%,受注済,検収済,一括請求,,,2024-06-30,,
205245,1360,2024LW個別パンフ更新,三和ロジコム株式会社,グラフィック制作,50000,0,50000,100%,25300,50.6%,受注済,検収済,一括請求,,,2024-05-31,,
205244,1359,HP制作/1st page,環有明海観光連合,WEB制作,237600,0,237600,100%,-282800,-119%,受注済,着手中,一括請求,,,2024-06-30,,
204887,1358,24年05月業務委託,エンサイクロ encyclo,WEB制作,200000,0,200000,100%,134075,67%,受注済,検収済,一括請求,,,2024-05-31,,
204875,1357,嬬恋村ふるさと納税リーフレット（郵便振替票付き）,F07_嬬恋村,グラフィック制作,400000,0,400000,100%,86650,21.7%,受注済,検収済,一括請求,,,2024-05-31,,
204874,1356,農園案内パンフレット,宇佐川農園,グラフィック制作,43000,0,43000,100%,-26000,-60.5%,受注済,検収済,一括請求,,,2024-05-31,,
204843,1355,委託業務（5月）,F07_嬬恋村,ふるさと納税委託業務,495420,0,495420,100%,-1308605,-264.1%,受注済,検収済,一括請求,,,2024-05-31,"182件 / 8,257,000円",
204842,1354,委託業務（5月）,F05_牛久市,ふるさと納税委託業務,896168,0,896168,100%,-784932,-87.6%,受注済,検収済,一括請求,,,2024-05-31,"1,674件 / 32,006,000円",
204841,1353,委託業務（5月）,F04_桜川市,ふるさと納税委託業務,371028,0,371028,100%,-708647,-191%,受注済,検収済,一括請求,,,2024-05-31,"951件 / 13,251,000円",
204840,1352,委託業務（5月）,F03_筑西市,ふるさと納税委託業務,851648,0,851648,100%,-566452,-66.5%,受注済,検収済,一括請求,,,2024-05-31,"1,918件 / 30,416,000円",
204839,1351,委託業務（5月）,F02_八千代町,ふるさと納税委託業務,681355,0,681355,100%,-521570,-76.5%,受注済,検収済,一括請求,,,2024-05-31,"2,146件 / 24,334,100円",
204838,1350,委託業務（5月）,F01_つくばみらい市,ふるさと納税委託業務,782684,0,782684,100%,-889141,-113.6%,受注済,検収済,一括請求,,,2024-05-31,"3,096件 / 27,953,000円",
202756,1349,2024ひよこくらぶチラシ・ポスター制作,だいぜんじ幼稚園（学校法人一隅学園）,グラフィック制作,13725,0,13725,100%,-30975,-225.7%,受注済,検収済,一括請求,,,2024-05-31,,
202750,1348,採用ページ（働く人の声）更新,未来建設,WEB制作,100000,0,100000,100%,-11050,-11.1%,受注済,検収済,一括請求,,,2024-05-31,,
202726,1347,【2024春】入園案内チラシ,だいぜんじ幼稚園（学校法人一隅学園）,グラフィック制作,230194,0,230194,100%,188844,82%,受注済,検収済,一括請求,,,2024-05-31,,
202247,1345,名刺増刷,酒乃竹屋（有）エガミ,グラフィック制作,28000,0,28000,100%,8750,31.3%,受注済,検収済,一括請求,,,2024-04-30,,
202246,1344,サイト制作（1st page）24年5月～25年6月,成田山幼稚園,WEB制作,207200,0,207200,100%,-280375,-135.3%,受注済,着手中,定期請求,,,定期(毎月),,
202240,1343,つつじマーチ動画制作,久留米市役所,動画制作,420000,0,420000,100%,-40575,-9.7%,受注済,検収済,一括請求,,,2024-06-30,,
201539,1342,草の日フォトコンテスト運営業務（2024年）,株式会社オーレックホールディングス,企画・コンサル,1300000,0,1300000,100%,348025,26.8%,受注済,着手中,一括請求,,,2024-09-30,,
201430,1341,領収書制作,株式会社今村建設,グラフィック制作,72000,0,72000,100%,59750,83%,受注済,検収済,一括請求,,,2024-04-30,,
201429,1340,パッケージ制作（はぎわらファーム）,株式会社カヤック,グラフィック制作,700000,0,700000,100%,412150,58.9%,受注済,検収済,一括請求,,,2024-05-31,,
201393,1339,ホームページ保守管理委託業務,九州大谷短期大学,WEB制作,480000,0,480000,100%,-280075,-58.3%,受注済,着手中,一括請求,,,2025-03-31,,
195718,1338,委託業務（4月）,F07_嬬恋村,ふるさと納税委託業務,404520,0,404520,100%,-810505,-200.4%,受注済,検収済,一括請求,,,2024-04-30,"118件 / 6,742,000円",
195717,1337,委託業務（4月）,F05_牛久市,ふるさと納税委託業務,665364,0,665364,100%,-601461,-90.4%,受注済,検収済,一括請求,,,2024-04-30,"1,235件 / 23,763,000円",
195716,1336,委託業務（4月）,F04_桜川市,ふるさと納税委託業務,579544,0,579544,100%,-500881,-86.4%,受注済,検収済,一括請求,,,2024-04-30,"1,710件 / 20,698,000円",
195715,1335,委託業務（4月）,F03_筑西市,ふるさと納税委託業務,797020,0,797020,100%,-431105,-54.1%,受注済,検収済,一括請求,,,2024-04-30,"1,785件 / 28,465,000円",
195713,1334,委託業務（4月）,F02_八千代町,ふるさと納税委託業務,626220,0,626220,100%,-338705,-54.1%,受注済,検収済,一括請求,,,2024-04-30,"1,801件 / 22,365,000円",
195712,1333,委託業務（4月）,F01_つくばみらい市,ふるさと納税委託業務,2353736,0,2353736,100%,600236,25.5%,受注済,検収済,一括請求,,,2024-04-30,"6,401件 / 84,062,000円",
195178,1332,ブランドブック増刷,エンサイクロ encyclo,グラフィック制作,200000,156000,44000,22%,44000,22%,受注済,検収済,一括請求,,,2024-04-30,"香和印刷：156,000円（税抜）",
195177,1331,24年04月業務委託,エンサイクロ encyclo,WEB制作,200000,0,200000,100%,38025,19%,受注済,検収済,一括請求,,,2024-04-30,,
194916,1330,業務委託（2024.04）,塚田商店,企画・コンサル,1000000,0,1000000,100%,-630125,-63%,受注済,検収済,一括請求,,,2024-04-30,,
194899,1329,24年03月業務委託,エンサイクロ encyclo,WEB制作,200000,0,200000,100%,105375,52.7%,受注済,検収済,一括請求,,,2024-03-31,,
175749,1328,大牟田北高校探求授業,九州大谷短期大学,企画・コンサル,30000,0,30000,100%,-3000,-10%,受注済,検収済,一括請求,,,2024-03-13,,
175296,1327,R6年度総会パンフレット制作,介護ネット,グラフィック制作,240000,0,240000,100%,12400,5.2%,受注済,検収済,一括請求,,,2024-04-30,,
175087,1326,AI PBL 動画制作,久留米工業大学,動画制作,105000,0,105000,100%,13075,12.5%,受注済,検収済,一括請求,,,2024-03-31,,
171674,1325,委託業務（3月）,F07_嬬恋村,ふるさと納税委託業務,295260,0,295260,100%,-600440,-203.4%,受注済,検収済,一括請求,,,2024-03-31,"141件 / 4,921,000円",
171673,1324,委託業務（3月）,F05_牛久市,ふるさと納税委託業務,879564,0,879564,100%,-81886,-9.3%,受注済,検収済,一括請求,,,2024-03-31,"1,326件 / 31,413,000円",
171672,1323,委託業務（3月）,F04_桜川市,ふるさと納税委託業務,495852,0,495852,100%,-581898,-117.4%,受注済,検収済,一括請求,,,2024-03-31,"1,569件 / 17,709,000円",
171671,1322,委託業務（3月）,F03_筑西市,ふるさと納税委託業務,883456,0,883456,100%,54931,6.2%,受注済,検収済,一括請求,,,2024-03-31,"1,803件 / 31,552,000円",
171670,1321,委託業務（3月）,F02_八千代町,ふるさと納税委託業務,778148,0,778148,100%,12048,1.5%,受注済,検収済,一括請求,,,2024-03-31,"2,049件 / 27,791,000円",
171669,1320,委託業務（3月）,F01_つくばみらい市,ふるさと納税委託業務,11313770,0,11313770,100%,9711045,85.8%,受注済,検収済,一括請求,,,2024-03-31,"29,888件 / 404,063,200円",
171628,1317,ホームページリニューアル制作（1st page）,フタバ設計,WEB制作,219800,0,219800,100%,-472425,-214.9%,受注済,未着手,一括請求,2024-02-16,,2024-05-31,,
170956,1316,OC ノベルティシール（2024）,九州大谷短期大学,グラフィック制作,36000,0,36000,100%,18425,51.2%,受注済,検収済,一括請求,,,2024-03-29,,
170879,1315,ふるさと納税PRパンフレット制作,八千代町,グラフィック制作,635000,0,635000,100%,466425,73.5%,受注済,検収済,一括請求,2024-01-31,,2024-03-31,"印刷費：340,000（税抜）",
170668,1313,社内報31号,オーレック,グラフィック制作,730000,0,730000,100%,77600,10.6%,受注済,検収済,一括請求,2024-02-20,2024-02-20,2024-04-30,,
170640,1312,高大連携 1st page 制作,久留米工業大学,WEB制作,127400,0,127400,100%,-159575,-125.3%,受注済,検収済,一括請求,,,2024-03-31,,
170619,1311,サービス紹介パンフレット制作,株式会社森KG,グラフィック制作,414000,0,414000,100%,188350,45.5%,受注済,検収済,一括請求,2024-02-19,2024-03-31,2024-03-31,,
170335,1310,Instagram リール動画制作レクチャー,松田家具,動画制作,100000,0,100000,100%,47275,47.3%,受注済,検収済,一括請求,,,2024-03-31,,
170334,1309,Instagramワークショップ,松田家具,企画・コンサル,100000,0,100000,100%,95600,95.6%,受注済,検収済,一括請求,,,2024-03-31,,
170333,1308,アクセス解析ツールの実装,松田家具,WEB制作,100000,0,100000,100%,100000,100%,受注済,検収済,一括請求,,,2024-03-31,,
169864,1307,給食室ブランディングーページ制作,だいぜんじ幼稚園（学校法人一隅学園）,WEB制作,360000,0,360000,100%,103500,28.8%,受注済,検収済,一括請求,,,2024-04-30,,
169863,1306,給食室ブランディングー動画・取材,だいぜんじ幼稚園（学校法人一隅学園）,動画制作,190000,0,190000,100%,-60925,-32.1%,受注済,検収済,一括請求,,,2024-03-31,,
169427,1305,パンフレット制作(くるめゴム技術講座),久留米リサーチ・パーク,グラフィック制作,310000,0,310000,100%,84150,27.1%,受注済,検収済,一括請求,,,2024-03-31,,
169281,1304,24年02月業務委託,エンサイクロ encyclo,WEB制作,200000,0,200000,100%,-45625,-22.8%,受注済,検収済,一括請求,,,2024-02-29,,
169079,1303,季刊誌HARMONY2024春号 制作,香和印刷株式会社,グラフィック制作,160000,0,160000,100%,-39400,-24.6%,受注済,検収済,一括請求,,,2024-03-31,,
169074,1302,業務委託（2024.03）,塚田商店,企画・コンサル,1400000,0,1400000,100%,311750,22.3%,受注済,検収済,一括請求,,,2024-03-31,,
169073,1301,業務委託（2024.02）,塚田商店,企画・コンサル,1200000,0,1200000,100%,419050,34.9%,受注済,検収済,一括請求,,,2024-02-29,,
168720,1300,委託業務（2月）,F07_嬬恋村,ふるさと納税委託業務,227700,0,227700,100%,-565650,-248.4%,受注済,検収済,一括請求,,,2024-02-29,"100件 / 3,795,000円",
168719,1299,委託業務（2月）,F05_牛久市,ふるさと納税委託業務,1010380,0,1010380,100%,77855,7.7%,受注済,検収済,一括請求,,,2024-02-29,"825件 / 36,085,000円",
168718,1298,委託業務（2月）,F04_桜川市,ふるさと納税委託業務,273728,0,273728,100%,-666397,-243.5%,受注済,検収済,一括請求,,,2024-02-29,"779件 / 9,776,000円",
168717,1297,委託業務（2月）,F03_筑西市,ふるさと納税委託業務,748132,0,748132,100%,-162643,-21.7%,受注済,検収済,一括請求,,,2024-02-29,"1,334件 / 26,719,000円",
168716,1296,委託業務（2月）,F02_八千代町,ふるさと納税委託業務,2067436,0,2067436,100%,1080336,52.3%,受注済,検収済,一括請求,,,2024-02-29,"4,647件 / 73,837,000円",
168715,1295,委託業務（2月）,F01_つくばみらい市,ふるさと納税委託業務,994756,0,994756,100%,-366844,-36.9%,受注済,検収済,一括請求,,,2024-02-29,"4,789件 / 35,527,000円",
168530,1294,ユニフォーム増刷,伍福会,,300000,0,300000,100%,298125,99.4%,受注済,検収済,一括請求,,,2024-02-29,,
168019,1293,ホームページ保守管理（23年11月-24年10月）,未来建設,WEB制作,240000,0,240000,100%,162700,67.8%,受注済,着手中,一括請求,,,2024-10-31,,
167998,1292,shopify制作（it補助）,KEK（協和園芸開発株式会社）,WEB制作,2855000,0,2855000,100%,593525,20.8%,受注済,検収済,一括請求,,,2024-03-31,EC構築+同梱物制作,
167909,1291,学科HP / 大学院HP 制作,久留米工業大学,WEB制作,1804000,0,1804000,100%,1078850,59.8%,受注済,検収済,一括請求,,,2024-04-22,,
167799,1290,QUOカード,九州大谷短期大学,グラフィック制作,40000,0,40000,100%,16475,41.2%,受注済,検収済,一括請求,,,2024-02-29,,
167798,1289,OC ハガキ（2024）,九州大谷短期大学,グラフィック制作,50000,0,50000,100%,-44025,-88.1%,受注済,検収済,一括請求,,,2024-04-30,,
162874,1288,広報記事作成研修,久留米工業大学,企画・コンサル,180000,0,180000,100%,88925,49.4%,受注済,検収済,一括請求,,,2024-02-29,,
162799,1287,委託業務（1月）,F07_嬬恋村,ふるさと納税委託業務,352260,0,352260,100%,-619890,-176%,受注済,検収済,一括請求,,,2024-01-31,"嬬恋村:137件 / 5,871,000円",
162798,1286,委託業務（1月）,F05_牛久市,ふるさと納税委託業務,447636,0,447636,100%,-739164,-165.1%,受注済,検収済,一括請求,,,2024-01-31,"牛久市:936件 / 15,987,000円",
162797,1285,委託業務（1月）,F04_桜川市,ふるさと納税委託業務,313964,0,313964,100%,-809236,-257.7%,受注済,検収済,一括請求,,,2024-01-31,"桜川市:908件 / 11,213,000円",
162780,1284,委託業務（1月）,F03_筑西市,ふるさと納税委託業務,1190364,0,1190364,100%,463639,38.9%,受注済,検収済,一括請求,,,2024-01-31,"筑西市:1,778件 / 42,513,000円",
162779,1283,委託業務（1月）,F02_八千代町,ふるさと納税委託業務,3935932,0,3935932,100%,2705132,68.7%,受注済,検収済,一括請求,,,2024-01-31,"八千代町:8,965件 / 140,569,000円",
162778,1282,委託業務（1月）,F01_つくばみらい市,ふるさと納税委託業務,929236,0,929236,100%,-447889,-48.2%,受注済,検収済,一括請求,,,2024-01-31,"961件 / 33,187,000円",
162649,1281,1st page（24年1月〜24年12月）,かねひろ園芸,WEB制作,235200,0,235200,100%,8700,3.7%,受注済,着手中,定期請求,,,定期(毎月),,
162579,1280,24年01月業務委託,エンサイクロ encyclo,WEB制作,200000,0,200000,100%,-41225,-20.6%,受注済,検収済,一括請求,,,2024-01-31,,
162450,1279,業務委託（2024.01）,塚田商店,企画・コンサル,1000000,0,1000000,100%,21200,2.1%,受注済,検収済,一括請求,,,2024-01-31,,
161898,1278,奨学金支援ページ,九州大学,WEB制作,197600,0,197600,100%,-331925,-168%,受注済,検収済,一括請求,,,2024-03-31,,
161843,1277,2024年 OC LP,九州大谷短期大学,WEB制作,490000,0,490000,100%,230300,47%,受注済,着手中,一括請求,,,2024-04-30,,
161529,1276,A3 二つ折りパンフレット 2種 デザイン制作,九州大谷短期大学,グラフィック制作,416000,0,416000,100%,137100,33%,受注済,検収済,一括請求,,,2024-03-31,,
161505,1275,高大連携チラシ制作,久留米工業大学,グラフィック制作,160000,0,160000,100%,40450,25.3%,受注済,検収済,一括請求,,,2024-02-29,,
159773,1274,OC 送り状,九州大谷短期大学,グラフィック制作,92000,0,92000,100%,59600,64.8%,受注済,検収済,一括請求,,,2024-04-30,"デザイン：6万円
印刷売価：3.2万円",
157705,1273,ブログ・SEO対策講習会,楠病院,,100000,0,100000,100%,5950,6%,受注済,検収済,一括請求,,,2024-01-31,,
157668,1272,スタンプカード印刷費用,スープカレー専門店　禅,グラフィック制作,18000,0,18000,100%,12000,66.7%,受注済,検収済,一括請求,,,2023-12-31,,
157666,1271,タウンメールDMデザイン、印刷,株式会社あどれす,グラフィック制作,150000,0,150000,100%,92650,61.8%,受注済,検収済,一括請求,,,2023-12-31,,
154930,1270,23年12月業務委託,エンサイクロ encyclo,WEB制作,200000,0,200000,100%,-471200,-235.6%,受注済,検収済,一括請求,,,2023-12-31,,
154827,1269,OC A4チラシ（2024年納品）,九州大谷短期大学,グラフィック制作,189500,0,189500,100%,65225,34.4%,受注済,検収済,一括請求,,,2024-01-31,,
154761,1268,刺繍ロゴ制作,九州大谷短期大学,グラフィック制作,54050,0,54050,100%,24075,44.5%,受注済,検収済,一括請求,,,2023-12-31,,
152611,1266,業務委託（12月）,塚田商店,企画・コンサル,1000000,0,1000000,100%,-731275,-73.1%,受注済,検収済,一括請求,,,2023-12-31,,
152124,1265,お礼状DM・感謝券送付用封筒,F07_嬬恋村,グラフィック制作,0,0,0,0%,-62000,0%,受注済,検収済,一括請求,,,2023-11-30,,
151959,1264,OC手提げ袋2024年配布用,九州大谷短期大学,グラフィック制作,260000,0,260000,100%,226775,87.2%,受注済,検収済,一括請求,,,2024-04-30,,
151949,1263,季刊誌HARMONY2024正月号 制作,香和印刷株式会社,グラフィック制作,160000,0,160000,100%,-97475,-60.9%,受注済,検収済,一括請求,,,2023-12-31,,
151704,1262,1st page,くるめせいし幼稚園,WEB制作,177600,0,177600,100%,-85625,-48.2%,受注済,着手中,定期請求,,,定期(毎月),,
151398,1261,委託業務（12月）,F07_嬬恋村,ふるさと納税委託業務,3877380,0,3877380,100%,2684455,69.2%,受注済,検収済,一括請求,,,2023-12-31,"嬬恋村:1,392件 / 64,623,000円",
151396,1260,委託業務（12月）,F05_牛久市,ふるさと納税委託業務,4506768,0,4506768,100%,3067493,68.1%,受注済,検収済,一括請求,,,2023-12-31,"牛久市:7,553件 / 160,956,000円",
151395,1259,委託業務（12月）,F04_桜川市,ふるさと納税委託業務,2969372,0,2969372,100%,2081597,70.1%,受注済,検収済,一括請求,,,2023-12-31,"桜川市:7,159件 / 106,049,000円",
151394,1258,委託業務（12月）,F03_筑西市,ふるさと納税委託業務,4909044,0,4909044,100%,3561069,72.5%,受注済,検収済,一括請求,,,2023-12-31,"筑西市:7,549件 / 175,323,000円",
151393,1257,委託業務（12月）,F02_八千代町,ふるさと納税委託業務,9302471,0,9302471,100%,7805846,83.9%,受注済,検収済,一括請求,,,2023-12-31,"八千代町:20,787件 / 332,231,100円",
151392,1256,委託業務（12月）,F01_つくばみらい市,ふるさと納税委託業務,16512210,0,16512210,100%,14875260,90.1%,受注済,検収済,一括請求,,,2023-12-31,"つくばみらい市:21,995件 / 589,721,800円",
151391,1255,委託業務（11月）,F07_嬬恋村,ふるさと納税委託業務,836100,0,836100,100%,-229550,-27.5%,受注済,検収済,一括請求,,,2023-11-30,"嬬恋村:382件 / 13,935,000円",
151390,1254,委託業務（11月）,F05_牛久市,ふるさと納税委託業務,1384600,0,1384600,100%,32700,2.4%,受注済,検収済,一括請求,,,2023-11-30,"牛久市:2,500件 / 49,450,000円",
151389,1253,委託業務（11月）,F04_桜川市,ふるさと納税委託業務,689724,0,689724,100%,-105376,-15.3%,受注済,検収済,一括請求,,,2023-11-30,"桜川市:1,757件 / 24,633,000円",
151388,1252,委託業務（11月）,F03_筑西市,ふるさと納税委託業務,1488116,0,1488116,100%,464191,31.2%,受注済,検収済,一括請求,,,2023-11-30,"筑西市:2,758件 / 53,147,000円",
151387,1251,委託業務（11月）,F02_八千代町,ふるさと納税委託業務,2302664,0,2302664,100%,1087889,47.2%,受注済,検収済,一括請求,,,2023-11-30,"八千代町:5,027件 / 82,238,000円",
151386,1250,委託業務（11月）,F01_つくばみらい市,ふるさと納税委託業務,2224712,0,2224712,100%,548387,24.6%,受注済,検収済,一括請求,,,2023-11-30,"つくばみらい市:2,586件 / 79,454,000円",
150762,1249,業務委託（11月）,塚田商店,企画・コンサル,800000,0,800000,100%,-603450,-75.4%,受注済,検収済,一括請求,,,2023-11-30,,
150725,1248,23年11月業務委託,エンサイクロ encyclo,WEB制作,200000,0,200000,100%,-409725,-204.9%,受注済,検収済,一括請求,,,2023-11-30,,
149703,1247,野村家様 横断幕デザイン印刷費,京丹波町,グラフィック制作,70000,0,70000,100%,38200,54.6%,受注済,検収済,一括請求,,,2023-10-31,,
149653,1246,23年10月業務委託,エンサイクロ encyclo,WEB制作,200000,0,200000,100%,-148150,-74.1%,受注済,検収済,一括請求,,,2023-10-31,,
149491,1245,リーフレット作成講座,山門高校,企画・コンサル,25640,0,25640,100%,-185235,-722.4%,受注済,検収済,一括請求,,,2023-12-31,,
148987,1244,地域活性化PJ ロゴ制作,三井住友トラストクラブ株式会社,グラフィック制作,0,0,0,0%,-305250,0%,受注済,検収済,一括請求,,,2023-10-31,,
148680,1243,委託業務（10月）,F07_嬬恋村,ふるさと納税委託業務,435180,0,435180,100%,-593645,-136.4%,受注済,検収済,一括請求,,,2023-10-31,"嬬恋村:199件 / 7,253,000円",
148679,1242,委託業務（10月）,F05_牛久市,ふるさと納税委託業務,968800,0,968800,100%,-398200,-41.1%,受注済,検収済,一括請求,,,2023-10-31,"牛久市:1,526件 / 34,600,000円",
148678,1241,委託業務（10月）,F04_桜川市,ふるさと納税委託業務,348768,0,348768,100%,-624482,-179.1%,受注済,検収済,一括請求,,,2023-10-31,"桜川市:890件 / 12,456,000円",
148676,1240,委託業務（10月）,F03_筑西市,ふるさと納税委託業務,633836,0,633836,100%,-537139,-84.7%,受注済,検収済,一括請求,,,2023-10-31,"筑西市:1,349件 / 22,637,000円",
148675,1239,委託業務（10月）,F02_八千代町,ふるさと納税委託業務,564900,0,564900,100%,-894675,-158.4%,受注済,検収済,一括請求,,,2023-10-31,"八千代町:1,150件 / 20,175,000円",
148674,1238,委託業務（10月）,F01_つくばみらい市,ふるさと納税委託業務,769328,0,769328,100%,-896872,-116.6%,受注済,検収済,一括請求,,,2023-10-31,"つくばみらい市:1,286件 / 27,476,000円",
148532,1237,季刊誌HARMONY2023年秋号 制作,香和印刷株式会社,グラフィック制作,160000,0,160000,100%,160000,100%,受注済,検収済,一括請求,,,2023-09-30,,
148496,1236,社内報29号制作,オーレック,グラフィック制作,730000,0,730000,100%,2575,0.4%,受注済,検収済,一括請求,,,2023-11-30,,
148432,1235,グッズ台紙デザイン制作･印刷,くるめ光の祭典 実行委員会,グラフィック制作,50500,0,50500,100%,12375,24.5%,受注済,検収済,一括請求,,,2024-03-31,,
148431,1234,チラシデザイン制作･印刷,くるめ光の祭典 実行委員会,グラフィック制作,370000,0,370000,100%,209325,56.6%,受注済,検収済,一括請求,,,2024-03-31,,
148430,1233,ポスターデザイン制作･印刷,くるめ光の祭典 実行委員会,グラフィック制作,137000,0,137000,100%,-7375,-5.4%,受注済,検収済,一括請求,,,2024-03-31,,
148429,1232,Web特設サイトの制作･運用,くるめ光の祭典 実行委員会,WEB制作,200000,0,200000,100%,-6900,-3.5%,受注済,検収済,一括請求,,,2024-03-31,,
148428,1231,フォトコンテスト運営,くるめ光の祭典 実行委員会,企画・コンサル,50000,0,50000,100%,34025,68.1%,受注済,検収済,一括請求,,,2024-03-31,,
148427,1230,Instagram関連,くるめ光の祭典 実行委員会,企画・コンサル,270000,0,270000,100%,-11300,-4.2%,受注済,検収済,一括請求,,,2024-03-31,,
148426,1229,全体企画,くるめ光の祭典 実行委員会,企画・コンサル,100000,0,100000,100%,1300,1.3%,受注済,検収済,一括請求,,,2024-03-31,,
148310,1228,AI 教育 チラシ制作,久留米工業大学,グラフィック制作,315000,31136,283864,90.1%,42164,13.4%,受注済,検収済,一括請求,,,2023-10-31,,
147157,1227,個別見学会のLINE/HPバナー制作,九州大谷短期大学,グラフィック制作,20000,0,20000,100%,11225,56.1%,受注済,検収済,一括請求,,,2023-09-30,,
146910,1226,50周年記念パンフレット,ブリヂストン輸送協力会,グラフィック制作,800000,45618,754382,94.3%,472682,59.1%,受注済,検収済,一括請求,,,2023-10-31,,
146908,1225,探求授業,九州大谷短期大学,企画・コンサル,30000,0,30000,100%,8000,26.7%,受注済,検収済,一括請求,,,2023-09-30,,
146626,1224,業務委託（10月）,塚田商店,企画・コンサル,500000,0,500000,100%,-599575,-119.9%,受注済,検収済,一括請求,,,2023-10-31,,
146625,1223,業務委託（9月）,塚田商店,企画・コンサル,1014981,0,1014981,100%,260006,25.6%,受注済,検収済,一括請求,,,2023-09-30,,
146564,1222,委託業務（9月）,F07_嬬恋村,ふるさと納税委託業務,2221200,0,2221200,100%,1204300,54.2%,受注済,検収済,一括請求,,,2023-09-30,"実績
嬬恋村:830件 / 37,020,000円",
146563,1221,委託業務（9月）,F05_牛久市,ふるさと納税委託業務,2826292,0,2826292,100%,1381542,48.9%,受注済,検収済,一括請求,,,2023-09-30,"実績
牛久市:5,451件 / 100,939,000円",
146562,1220,委託業務（9月）,F04_桜川市,ふるさと納税委託業務,2218810,0,2218810,100%,1339410,60.4%,受注済,検収済,一括請求,,,2023-09-30,"実績
桜川市:5,245件 / 79,243,214円",
146561,1219,委託業務（9月）,F03_筑西市,ふるさと納税委託業務,3585736,0,3585736,100%,2364086,65.9%,受注済,検収済,一括請求,,,2023-09-30,"実績
筑西市:6,140件 / 128,062,000円",
146560,1218,委託業務（9月）,F02_八千代町,ふるさと納税委託業務,9187976,0,9187976,100%,7963551,86.7%,受注済,検収済,一括請求,,,2023-09-30,"実績
八千代町:23,477件 / 328,142,000円",
146559,1217,委託業務（9月）,F01_つくばみらい市,ふるさと納税委託業務,11658500,0,11658500,100%,9922500,85.1%,受注済,検収済,一括請求,,,2023-09-30,"実績
つくばみらい市:14,891件 / 416,375,000円",
145753,1216,家の材料 動画制作,未来工房,動画制作,350000,0,350000,100%,78425,22.4%,受注済,検収済,一括請求,,,2023-10-31,"・編集　8日想定　32万円
・録音 0.5日　3万円",
145747,1215,"8,9月各種デザイン制作",京丹波町,グラフィック制作,300000,0,300000,100%,291750,97.3%,受注済,検収済,一括請求,,,2023-09-30,,
141804,1214,ニュースレター8月,森光商店・穀物屋,グラフィック制作,150000,0,150000,100%,150000,100%,受注済,検収済,一括請求,,,2023-09-30,,
141381,1213,2023フェイスタオルデザイン,だいぜんじ幼稚園（学校法人一隅学園）,グラフィック制作,85250,0,85250,100%,66725,78.3%,受注済,検収済,一括請求,,,2023-08-31,,
140977,1212,AI 成果発表会の撮影・動画制作,久留米工業大学,動画制作,836350,0,836350,100%,215275,25.7%,受注済,検収済,一括請求,,,2023-09-30,,
140291,1211,委託業務（8月）,塚田商店,企画・コンサル,1000000,0,1000000,100%,-148800,-14.9%,受注済,検収済,一括請求,,,2023-08-31,,
140270,1210,SNS運用,塚田商店,企画・コンサル,0,0,0,0%,-14800,0%,受注済,検収済,一括請求,,,2024-06-30,,
140268,1208,その他デザイン制作物,塚田商店,グラフィック制作,0,0,0,0%,-14675,0%,受注済,検収済,一括請求,,,2024-06-30,,
140266,1206,各種ECショップ改修,塚田商店,WEB制作,0,0,0,0%,-10650,0%,受注済,検収済,一括請求,,,2024-06-30,,
140265,1205,各種EC運営サポート,塚田商店,企画・コンサル,0,0,0,0%,-27750,0%,受注済,検収済,一括請求,,,2024-06-30,,
140194,1204,委託業務（8月）,F07_嬬恋村,ふるさと納税委託業務,483060,0,483060,100%,-512390,-106.1%,受注済,検収済,一括請求,,,2023-08-31,"実績
嬬恋村:198件 / 8,051,000円",
140193,1203,委託業務（8月）,F05_牛久市,ふるさと納税委託業務,625324,0,625324,100%,-1224651,-195.8%,受注済,検収済,一括請求,,,2023-08-31,"実績
牛久市:1,259件 / 22,333,000円",
140192,1202,委託業務（8月）,F04_桜川市,ふるさと納税委託業務,601188,0,601188,100%,-523612,-87.1%,受注済,検収済,一括請求,,,2023-08-31,"実績
桜川市:1,986件 / 21,471,000円",
140191,1201,委託業務（8月）,F03_筑西市,ふるさと納税委託業務,899528,0,899528,100%,-885497,-98.4%,受注済,検収済,一括請求,,,2023-08-31,"実績
筑西市ふるさと納税業務委託費

筑西市:1,800件 / 32,126,000円",
140190,1200,委託業務（8月）,F02_八千代町,ふるさと納税委託業務,1828316,0,1828316,100%,559691,30.6%,受注済,検収済,一括請求,,,2023-08-31,"実績
八千代町:5,091件 / 65,297,000円",
140189,1199,委託業務（8月）,F01_つくばみらい市,ふるさと納税委託業務,2355192,0,2355192,100%,92042,3.9%,受注済,検収済,一括請求,,,2023-08-31,"実績
つくばみらい市:3,460件 / 84,114,000円",
139801,1198,パンフレット更新･印刷,成田山幼稚園,グラフィック制作,90000,0,90000,100%,-44925,-49.9%,受注済,検収済,一括請求,,,2023-08-31,,
139799,1197,【隈本木工所】アドバイザー派遣3回目,八女商工会議所,企画・コンサル,25000,0,25000,100%,8500,34%,受注済,検収済,一括請求,,,2023-08-31,,
139683,1196,MAEÉ 新商品（マイクロタッチシリーズ）追加対応,エンサイクロ encyclo,WEB制作,520000,0,520000,100%,-122050,-23.5%,受注済,検収済,一括請求,2023-07-25,,2023-08-31,,
139513,1195,会社PR動画（15秒）制作,九州ダンボール,動画制作,70000,0,70000,100%,-30350,-43.4%,受注済,検収済,一括請求,2023-07-18,,2023-08-31,,
139050,1194,自社パンフレット制作,柳川海苔本舗,グラフィック制作,500000,27427,472573,94.5%,80923,16.2%,受注済,検収済,一括請求,,,2023-09-30,,
138838,1193,地域情報誌「BASARE」印刷製本（19号）,九重町（BASARE）,グラフィック制作,330000,0,330000,100%,10325,3.1%,受注済,検収済,一括請求,,,2024-03-31,,
138836,1192,地域情報誌「BASARE」印刷製本（18号）,九重町（BASARE）,グラフィック制作,330000,0,330000,100%,-13025,-3.9%,受注済,検収済,一括請求,,,2023-09-30,,
138568,1191,動画修正,モリサキ,動画制作,30000,0,30000,100%,27225,90.8%,受注済,検収済,一括請求,2023-06-30,,2023-07-31,動画のロゴ差し替え修正,
138567,1190,サイト修正,モリサキ,WEB制作,16000,0,16000,100%,-26200,-163.8%,受注済,検収済,一括請求,2023-06-30,2023-06-30,2023-07-31,Whataboradのサムネ制作と一部リンク修正,
137336,1189,サイト制作（ファーストページ）,株式会社かど家,WEB制作,117600,0,117600,100%,-270125,-229.7%,受注済,着手中,一括請求,2023-07-31,2023-07-31,2023-07-31,,
137334,1188,不使用）HPリニューアル,未来工房,WEB制作,0,0,0,0%,-9250,0%,受注済,検収済,一括請求,,,2023-12-31,,
137318,1187,チラシ修正,八女流,グラフィック制作,10000,0,10000,100%,4000,40%,受注済,検収済,一括請求,,,2023-07-31,,
136851,1186,イベント告知用ツール制作･手配,久留米・小郡・うきは地区私立幼稚園協会,グラフィック制作,856000,0,856000,100%,691550,80.8%,受注済,検収済,一括請求,,,2023-08-31,,
136828,1185,見積表紙制作,未来建設,グラフィック制作,30000,0,30000,100%,27000,90%,受注済,検収済,一括請求,,,2023-07-31,,
136827,1184,HP一部改修,未来建設,WEB制作,280000,0,280000,100%,212375,75.8%,受注済,検収済,一括請求,,,2023-07-31,,
136792,1183,InstagramとBASEを活用したEC事業立ち上げサポート,久留米リサーチ・パーク,企画・コンサル,136000,0,136000,100%,90625,66.6%,受注済,検収済,一括請求,,,2023-08-31,,
136765,1182,委託業務（7月）,F07_嬬恋村,ふるさと納税委託業務,613980,0,613980,100%,-293070,-47.7%,受注済,検収済,一括請求,,,2023-07-31,"実績
嬬恋村:185件 / 10,233,000円",
136764,1181,委託業務（7月）,F01_つくばみらい市,ふるさと納税委託業務,1655136,0,1655136,100%,-607764,-36.7%,受注済,検収済,一括請求,,,2023-07-31,"実績
つくばみらい市:2,397件 / 59,112,000円",
136763,1180,委託業務（7月）,F02_八千代町,ふるさと納税委託業務,2117444,0,2117444,100%,828894,39.1%,受注済,検収済,一括請求,,,2023-07-31,"実績
八千代町:6,381件 / 75,623,000円",
136762,1179,委託業務（7月）,F03_筑西市,ふるさと納税委託業務,782040,0,782040,100%,-684985,-87.6%,受注済,検収済,一括請求,,,2023-07-31,"実績
筑西市:1,693件 / 27,930,000円",
136761,1178,委託業務（7月）,F04_桜川市,ふるさと納税委託業務,479304,0,479304,100%,-673671,-140.6%,受注済,検収済,一括請求,,,2023-07-31,"実績
桜川市:1,649件 / 17,118,000円",
136760,1177,委託業務（7月）,F05_牛久市,ふるさと納税委託業務,816648,0,816648,100%,-796427,-97.5%,受注済,検収済,一括請求,,,2023-07-31,"実績
牛久市:1,624件 / 29,166,000円",
136566,1176,プロジェクト企画全般,日本ハムマーケティング,企画・コンサル,8000000,0,8000000,100%,6099425,76.2%,受注済,検収済,一括請求,,,2024-03-31,"ロイヤリティ契約：売上増の8%

１億円売上増の場合：８００万",
136565,1175,特設サイト制作（＆プロジェクト初期立上げ）,日本ハムマーケティング,WEB制作,1000000,0,1000000,100%,-3888025,-388.8%,受注済,検収済,一括請求,2023-06-30,2023-06-30,2023-07-31,着手金：100万,
136560,1174,ご当地アイスラベル制作,F04_桜川市,ふるさと納税 契約外,220000,0,220000,100%,27150,12.3%,受注済,検収済,一括請求,2023-06-23,,2023-07-31,企画、制作費のみ,
135702,1173,メニュー表リニューアル,株式会社たけ屋,グラフィック制作,408500,0,408500,100%,93300,22.8%,受注済,検収済,一括請求,,,2023-07-31,,
135671,1172,営業用DM制作,橋本事務機,グラフィック制作,100000,0,100000,100%,60100,60.1%,受注済,検収済,一括請求,,,2023-07-31,,
135535,1170,保守管理（2023）,薬師堂薬局,保守管理・毎月,180000,0,180000,100%,128200,71.2%,受注済,着手中,一括請求,,,2024-01-31,,
135534,1169,不使用）,株式会社たけ屋,グラフィック制作,535000,0,535000,100%,521500,97.5%,受注済,検収済,一括請求,2023-06-22,,2023-07-31,"印刷費：40000円
ファイル購入費：125000円",
135479,1168,カタログ制作,エンサイクロ encyclo,グラフィック制作,845000,0,845000,100%,425525,50.4%,受注済,検収済,一括請求,,,2023-08-31,"香和印刷：308,550円（税込）",
135478,1167,取扱説明書制作,エンサイクロ encyclo,グラフィック制作,343500,0,343500,100%,147650,43%,受注済,検収済,一括請求,,,2023-08-31,"香和印刷：108,900円（税込）",
135460,1166,探求授業チラシ制作,九州大谷短期大学,グラフィック制作,74000,0,74000,100%,-81775,-110.5%,受注済,検収済,一括請求,,,2023-07-31,,
135409,1165,OC お礼状,九州大谷短期大学,グラフィック制作,40000,0,40000,100%,22900,57.3%,受注済,検収済,一括請求,,,2023-06-30,,
135407,1163,ホームページリニューアル,未来工房,WEB制作,3674000,0,3674000,100%,-105775,-2.9%,受注済,検収済,一括請求,,,2023-12-31,,
135403,1162,社内報制作(28号),オーレック,グラフィック制作,583000,0,583000,100%,142125,24.4%,受注済,検収済,一括請求,,,2023-08-31,,
134824,1161,アドバイザー派遣2回目【隈本木工所】,八女商工会議所,企画・コンサル,25000,0,25000,100%,20600,82.4%,受注済,検収済,一括請求,,,2023-06-30,,
134458,1160,ビンゴカード,九州大谷短期大学,グラフィック制作,80000,0,80000,100%,51275,64.1%,受注済,検収済,一括請求,,,2023-06-30,,
134457,1159,アドバイザー派遣(隈本木工所),八女商工会議所,企画・コンサル,22727,0,22727,100%,18327,80.6%,受注済,納品済,一括請求,,,2023-06-30,,
134455,1158,LINE立ち上げ,柳川海苔本舗,企画・コンサル,200000,0,200000,100%,198150,99.1%,受注済,検収済,一括請求,,,2023-06-30,,
134119,1157,移住定住パンフレット更新（2023年）,みやま市役所,グラフィック制作,200000,0,200000,100%,-116200,-58.1%,受注済,検収済,一括請求,,,2023-09-30,請求月は仮設定,
133885,1156,サンクスチラシ制作･印刷,柳川海苔本舗,グラフィック制作,50000,0,50000,100%,-11725,-23.5%,受注済,検収済,一括請求,,,2023-06-30,"印刷費10,000円",
133793,1155,保守管理,だいぜんじ幼稚園（学校法人一隅学園）,保守管理・毎月,600000,0,600000,100%,-439750,-73.3%,受注済,検収済,定期請求,,,定期(毎月),,
133711,1154,委託業務（6月）,F07_嬬恋村,ふるさと納税委託業務,482700,0,482700,100%,-868800,-180%,受注済,検収済,一括請求,,,2023-06-30,"実績
嬬恋村:157件 / 8,045,000円",
133710,1153,委託業務（6月）,F01_つくばみらい市,ふるさと納税委託業務,1362704,0,1362704,100%,-849296,-62.3%,受注済,検収済,一括請求,,,2023-06-30,"寄附額：48,668,000円",
133709,1152,委託業務（6月）,F02_八千代町,ふるさと納税委託業務,2073064,0,2073064,100%,835414,40.3%,受注済,検収済,一括請求,,,2023-06-30,"八千代町：74,038,000円",
133708,1151,委託業務（6月）,F03_筑西市,ふるさと納税委託業務,692664,0,692664,100%,-833611,-120.3%,受注済,検収済,一括請求,,,2023-06-30,"寄附額：24,738,000円",
133706,1150,委託業務（6月）,F04_桜川市,ふるさと納税委託業務,442652,0,442652,100%,-797998,-180.3%,受注済,検収済,一括請求,,,2023-06-30,"寄附額：15,809,000円",
133705,1149,委託業務（6月）,F05_牛久市,ふるさと納税委託業務,995120,0,995120,100%,-798605,-80.3%,受注済,検収済,一括請求,,,2023-06-30,"寄附額：35,540,000円",
132178,1148,採用パンフレット増刷,幸輪福祉会,グラフィック制作,32000,0,32000,100%,24600,76.9%,受注済,検収済,一括請求,,,2023-06-30,,
132176,1147,広川中学校キャリア教育2023,広川町,企画・コンサル,1060000,0,1060000,100%,582125,54.9%,受注済,検収済,一括請求,,,2024-02-29,,
132115,1146,説明会用ブース装飾デザイン･制作,伍福会,グラフィック制作,282500,0,282500,100%,-60725,-21.5%,受注済,検収済,一括請求,,,2023-12-31,,
131412,1144,サーバー移管サポート,杜の蔵,WEB制作,50000,0,50000,100%,14550,29.1%,受注済,検収済,一括請求,,,2023-05-31,,
130956,1143,30周年記念事業チラシ・ポスター制作,筑後中小企業経営者協会（中経協）,グラフィック制作,0,0,0,0%,-130950,0%,受注済,検収済,一括請求,,,2023-07-31,売上未定のため、0円で仮登録,
130914,1142,A4 チラシ制作,久留米工業大学,グラフィック制作,80000,0,80000,100%,-175,-0.2%,受注済,検収済,一括請求,,,2023-06-30,,
130548,1141,ノベルティ,九州大谷短期大学,グラフィック制作,200000,0,200000,100%,178375,89.2%,受注済,検収済,一括請求,,,2023-06-30,,
130472,1140,採用パンフ・ページ作成,カラーリングファーム,,228000,0,228000,100%,-135625,-59.5%,受注済,検収済,一括請求,,,2023-06-01,"※ページ分は保守に9,800円を毎月上乗せして請求",
130466,1139,shopify用動画制作,padou,動画制作,60000,0,60000,100%,-3825,-6.4%,受注済,未着手,一括請求,,,2023-05-31,,
130456,1138,ズ anns cafe様 チラシ・ポスター制作,京丹波町,グラフィック制作,45500,0,45500,100%,42750,94%,受注済,検収済,一括請求,,,2023-05-31,,
130445,1137,1page,六所神社,WEB制作,117600,0,117600,100%,-13150,-11.2%,受注済,検収済,定期請求,,,定期(毎月),,
130443,1136,採用LP制作,自然工房/福山木工,WEB制作,1140000,0,1140000,100%,647825,56.8%,受注済,検収済,一括請求,,,2023-06-30,,
130442,1135,ポロシャツ制作,伍福会,グラフィック制作,165000,0,165000,100%,165000,100%,受注済,検収済,一括請求,,,2023-05-31,,
130322,1134,LIFE=WORK 抜粋版パンフレット更新･印刷,三和ロジコム株式会社,グラフィック制作,50000,0,50000,100%,37700,75.4%,受注済,検収済,一括請求,,,2023-05-31,,
130098,1133,新規事業,S_サンカクキカク,新規事業,0,0,0,0%,-527275,0%,受注済,着手中,定期請求,,,定期(毎年),,
130096,1132,社内業務（制・企チーム用）,S_サンカクキカク,社内業務（制・企メンバー用）,0,0,0,0%,-57703875,0%,受注済,着手中,定期請求,,,定期(毎年),,
130095,1131,社内業務（ふるさとチーム用）,S_サンカクキカク,社内業務（ふるさとチーム用）,0,0,0,0%,-26843375,0%,受注済,着手中,定期請求,,,定期(毎年),,
130088,1130,社内業務（総務・全体）,S_サンカクキカク,社内業務（総務・全体用）,0,0,0,0%,-14117675,0%,受注済,着手中,定期請求,,,定期(毎年),,
130085,1129,顧客対応・関連業務,レストラン青山,顧客関連業務,0,0,0,0%,-6350,0%,受注済,着手中,定期請求,,,定期(毎年),,
130080,1128,委託業務（5月）,F07_嬬恋村,ふるさと納税委託業務,229920,0,229920,100%,-184905,-80.4%,受注済,検収済,一括請求,,,2023-05-31,"寄附額：3,832,000円",
130015,1127,パンフレットリニューアル,九州大谷短期大学,グラフィック制作,5000000,0,5000000,100%,2298950,46%,受注済,検収済,一括請求,,,2024-02-29,,
129910,1126,HP保守管理,おりなす八女,保守管理・毎月,180000,0,180000,100%,-358575,-199.2%,受注済,着手中,定期請求,,,定期(毎月),,
129909,1125,委託業務（5月）,F01_つくばみらい市,ふるさと納税委託業務,1559208,0,1559208,100%,-234292,-15%,受注済,検収済,一括請求,,,2023-05-31,"寄附額：55,686,000円",
129908,1124,委託業務（5月）,F02_八千代町,ふるさと納税委託業務,1934184,0,1934184,100%,691634,35.8%,受注済,検収済,一括請求,,,2023-05-31,"寄附額：69,078,000円",
129906,1122,委託業務（5月）,F03_筑西市,ふるさと納税委託業務,473564,0,473564,100%,-971611,-205.2%,受注済,検収済,一括請求,,,2023-05-31,"寄附額：16,913,000円",
129905,1121,委託業務（5月）,F04_桜川市,ふるさと納税委託業務,385448,0,385448,100%,-717627,-186.2%,受注済,検収済,一括請求,,,2023-05-31,"寄附額：13,766,000円",
129904,1120,委託業務（5月）,F05_牛久市,ふるさと納税委託業務,659680,0,659680,100%,-869070,-131.7%,受注済,検収済,一括請求,,,2023-05-31,"寄附額：23,560,000円",
129732,1119,全体ディレクション,九州大谷短期大学,企画・コンサル,300000,0,300000,100%,69825,23.3%,受注済,検収済,一括請求,,,2023-04-30,,
129731,1118,毎月動画制作,未来工房,動画制作,1040000,0,1040000,100%,711350,68.4%,受注済,着手中,定期請求,,,定期(毎月),,
129719,1117,OC Tシャツ,九州大谷短期大学,グラフィック制作,298000,0,298000,100%,161075,54.1%,受注済,検収済,一括請求,,,2023-05-31,,
129593,1116,ラベル・パンフレット・ショップカード印刷,レストラン青山,グラフィック制作,31955,0,31955,100%,25955,81.2%,受注済,検収済,一括請求,,,2023-04-30,"※印刷原価登録のみ
グラフィック印刷費用/35,150円
注文No：31797632_001",
129591,1115,好川様 名刺 印刷,瑞輝科学生物株式会社,グラフィック制作,5000,0,5000,100%,3500,70%,受注済,検収済,一括請求,2023-04-26,2023-04-30,2023-04-30,,
129215,1114,アクセス解析レポート提出【毎月】,サンコービルド,保守管理・毎月,180000,0,180000,100%,140400,78%,受注済,着手中,定期請求,,,定期(毎月),,
129214,1113,サイト保守管理・毎月,サンコービルド,保守管理・毎月,180000,0,180000,100%,118175,65.7%,受注済,着手中,定期請求,,,定期(毎月),,
129213,1112,チラシおよびポスターのデザイン制作・印刷,だいぜんじ幼稚園（学校法人一隅学園）,グラフィック制作,160000,0,160000,100%,-309725,-193.6%,受注済,検収済,一括請求,2023-04-18,,2023-05-31,,
128975,1111,OCLP夏用に情報改修,九州大谷短期大学,WEB制作,40000,0,40000,100%,30750,76.9%,受注済,検収済,一括請求,,,2023-06-30,,
128974,1110,figmaレクチャー訪問,九州大谷短期大学,企画・コンサル,50000,0,50000,100%,42175,84.4%,受注済,検収済,一括請求,,,2023-05-31,,
128973,1109,LINEリッチメニューデザイン・設定,九州大谷短期大学,グラフィック制作,100000,0,100000,100%,65350,65.4%,受注済,検収済,一括請求,,,2023-05-31,,
128800,1108,2023年度サーバー・保守管理,八女福島観光協会,保守管理・毎月,244000,0,244000,100%,215800,88.4%,受注済,着手中,一括請求,,,2023-05-31,,
128737,1107,リーフレット・商品タグ/ラベル制作,吉原農場（茨城）,グラフィック制作,262500,81000,181500,69.1%,49725,18.9%,受注済,検収済,一括請求,,,2023-05-31,"請求額は、見積もりの合計（仮提案の印刷費を含む）

デザイン費合計：11万
進行管理費：3万
印刷費（予定）：122,500円

予定　印刷費として見積もりに計上している額：122,500円
約1.5倍で見積もりしてるので、
実際の経費（原価）は、81,000円程度",
128676,1106,他作業（it補助残予算）,塚田商店,企画・コンサル,490000,0,490000,100%,296175,60.4%,受注済,検収済,一括請求,,,2023-06-30,,
128673,1105,Q10店舗立ち上げ(it補助）,塚田商店,WEB制作,500000,0,500000,100%,358125,71.6%,受注済,検収済,一括請求,,,2023-06-30,,
128672,1104,yahoo店整備(it補助）,塚田商店,WEB制作,400000,0,400000,100%,235725,58.9%,受注済,検収済,一括請求,,,2023-06-30,,
128671,1103,EC運営サポート(it補助）,塚田商店,保守管理・毎月,2200000,0,2200000,100%,575925,26.2%,受注済,検収済,一括請求,,,2023-06-30,"・定期mtg
・随時打ち合わせ、すり合わせ
・随時相談対応
・サイト管理（楽天/Amazon/yahoo/Q10）
・各サイトエラー対応
・各サイトメルマガ毎月2回配信
・広告運用代行
・2023年5月〜2024年3月末まで",
128401,1102,サイトリニューアル（1Page）,三川屋,WEB制作,237600,0,237600,100%,-192875,-81.2%,受注済,着手中,定期請求,,,定期(毎月),,
128068,1101,ホームページ改修,八女流,WEB制作,100000,0,100000,100%,72725,72.7%,受注済,検収済,一括請求,,,2023-04-28,,
128025,1100,SNSサポート,九州大谷短期大学,企画・コンサル,960000,0,960000,100%,857300,89.3%,受注済,検収済,一括請求,,,2023-09-29,,
127368,1099,shopify制作（it補助）,柳川海苔本舗,WEB制作,2760000,0,2760000,100%,1855275,67.2%,受注済,着手中,一括請求,,,2023-06-30,,
127367,1098,shopify制作（it補助）,塚田商店,WEB制作,1310000,0,1310000,100%,-193725,-14.8%,受注済,検収済,一括請求,,,2023-06-30,,
127256,1096,frstos_自社内業務,S_サンカクキカク,ふるさとズ,0,0,0,0%,-25046425,0%,受注済,着手中,定期請求,,,定期(毎月),,
127255,1095,Line_自社内業務,S_サンカクキカク,かんたんLINEのお店,0,0,0,0%,-5500,0%,受注済,着手中,定期請求,,,定期(毎月),,
127253,1093,1stP_自社内業務,S_サンカクキカク,ファーストページ,0,0,0,0%,-3257750,0%,受注済,着手中,定期請求,,,定期(毎月),,
126990,1092,委託業務（4月）,F05_牛久市,ふるさと納税委託業務,573188,0,573188,100%,-1240512,-216.4%,受注済,検収済,一括請求,,,2023-04-30,"寄附額：20,471,000",
126989,1091,委託業務（4月）,F04_桜川市,ふるさと納税委託業務,365624,0,365624,100%,-878176,-240.2%,受注済,検収済,一括請求,,,2023-04-30,"寄附額：13,058,000",
126988,1090,委託業務（4月）,F03_筑西市,ふるさと納税委託業務,537796,0,537796,100%,-1095504,-203.7%,受注済,検収済,一括請求,,,2023-04-30,"寄附額19,207,000",
126987,1089,委託業務（4月）,F02_八千代町,ふるさと納税委託業務,1667372,0,1667372,100%,327672,19.7%,受注済,検収済,一括請求,,,2023-04-30,"寄附額：59,549,000",
126986,1088,委託業務（4月）,F01_つくばみらい市,ふるさと納税委託業務,1512392,0,1512392,100%,-832608,-55.1%,受注済,検収済,一括請求,,,2023-04-30,"寄附額：54,014,000",
126985,1087,委託業務（3月）,F05_牛久市,ふるさと納税委託業務,795452,0,795452,100%,-902248,-113.4%,受注済,検収済,一括請求,,,2023-03-31,"寄附額：28,409,000",
126984,1086,委託業務（3月）,F04_桜川市,ふるさと納税委託業務,328916,0,328916,100%,-963559,-292.9%,受注済,検収済,一括請求,,,2023-03-31,"寄附額：11,747,000",
126983,1085,委託業務（3月）,F03_筑西市,ふるさと納税委託業務,466340,0,466340,100%,-1460585,-313.2%,受注済,検収済,一括請求,,,2023-03-31,"寄附額：16,655,000",
126982,1084,委託業務（3月）,F02_八千代町,ふるさと納税委託業務,1355844,0,1355844,100%,-38506,-2.8%,受注済,検収済,一括請求,,,2023-03-31,"寄附額：48,423,000",
126981,1083,委託業務（3月）,F01_つくばみらい市,ふるさと納税委託業務,4079964,0,4079964,100%,1770639,43.4%,受注済,検収済,一括請求,,,2023-03-31,"寄附額：145,713,000",
126795,1081,SNSワークショップ,LABOT（ラボット）,企画・コンサル,150000,0,150000,100%,96100,64.1%,受注済,検収済,一括請求,,,2023-02-28,,
126780,1079,ボックスティッシュ,九州大谷短期大学,グラフィック制作,260000,0,260000,100%,245250,94.3%,受注済,検収済,一括請求,2023-03-22,,2023-03-31,"236,500円は印刷費",
126505,1078,新入生学外オリエン,久留米工業大学,企画・コンサル,530000,0,530000,100%,499750,94.3%,受注済,検収済,一括請求,,,2023-04-28,,
126255,1077,京丹波町体感型リアルイベント企画・運営,京丹波町,ふるさとズ,400000,0,400000,100%,371125,92.8%,受注済,検収済,一括請求,,,2023-11-30,,
126254,1076,ふるさとズ導入説明会 兼 MEO（Google Map）導入講習会,京丹波町,ふるさとズ,250000,0,250000,100%,194450,77.8%,受注済,検収済,一括請求,,,2023-05-31,,
125864,1075,定例SNSサポート,サンコービルド,保守管理・毎月,400000,0,400000,100%,258000,64.5%,受注済,着手中,一括請求,,,2023-07-31,,
125863,1074,SNS立ち上げサポート/マニュアル作成,サンコービルド,企画・コンサル,400000,0,400000,100%,306825,76.7%,受注済,検収済,一括請求,,,2023-02-28,,
125358,1073,ロゲイニングイベント告知チラシ制作,久留米青年会議所,グラフィック制作,107600,0,107600,100%,-74275,-69%,受注済,検収済,一括請求,,,2023-05-31,,
118513,1072,パッケージホームページ制作,三井幼稚園（大石学園）,WEB制作,900000,0,900000,100%,499775,55.5%,受注済,検収済,一括請求,,,2023-03-31,,
118512,1071,ホームページ制作,つくし幼稚園（大石学園）,WEB制作,900000,0,900000,100%,771075,85.7%,受注済,検収済,一括請求,,,2023-03-31,,
118504,1070,Shopify保守管理,伍福会,保守管理・毎月,360000,0,360000,100%,349000,96.9%,受注済,着手中,一括請求,,,2023-01-31,,
117521,1068,OBOG紹介チラシ制作,三井三池製作所,グラフィック制作,707000,0,707000,100%,222475,31.5%,受注済,検収済,一括請求,,,2023-04-28,,
117485,1067,会社パンフレット制作,ケイティライン,グラフィック制作,528000,0,528000,100%,-137850,-26.1%,受注済,検収済,一括請求,,,2023-04-28,,
117481,1066,shopify制作,九州ダンボール,WEB制作,1210000,0,1210000,100%,980000,81%,受注済,納品済,一括請求,,,2022-12-31,,
117404,1065,shopify店舗ページ修正,鹿田産業,WEB制作,20000,0,20000,100%,-15050,-75.3%,受注済,検収済,一括請求,,,2023-02-28,,
116210,1064,選挙ツール作成,柏原傑,グラフィック制作,180000,0,180000,100%,-106800,-59.3%,受注済,検収済,一括請求,,,2023-03-31,,
115464,1063,卒業式ライブ配信,久留米工業大学,動画制作,380000,0,380000,100%,133125,35%,受注済,検収済,一括請求,,,2023-03-31,,
115463,1062,パンフレット制作,ケンコントロールズ,グラフィック制作,200000,0,200000,100%,75175,37.6%,受注済,検収済,一括請求,,,2023-02-28,,
115460,1061,大学ホームページリニューアル,九州大谷短期大学,WEB制作,5984000,0,5984000,100%,-1664000,-27.8%,受注済,検収済,一括請求,,,2023-06-30,,
115459,1060,OC各種デザイン制作（LP含む）,九州大谷短期大学,グラフィック制作,1996100,0,1996100,100%,1254325,62.8%,受注済,着手中,一括請求,,,2023-06-30,,
115458,1059,WEBプロモーション、シネアド動画撮影編集,九州大谷短期大学,動画制作,1060000,0,1060000,100%,-175,-0%,受注済,検収済,一括請求,,,2023-06-30,,
115457,1058,OCボックスティッシュ,九州大谷短期大学,グラフィック制作,290000,0,290000,100%,-9925,-3.4%,受注済,検収済,一括請求,,,2023-02-28,,
115443,1056,ホームページ制作,浜田保育園,WEB制作,290000,0,290000,100%,286775,98.9%,受注済,検収済,一括請求,,,2023-01-31,,
115386,1055,地域情報誌「BASARE」印刷製本（17号）,九重町（BASARE）,グラフィック制作,300000,0,300000,100%,92675,30.9%,受注済,検収済,一括請求,,,2023-03-31,,
115383,1054,Shopify運用保守（22年09月〜23年02月）,貞苅椅子製作所,保守管理・毎月,90000,0,90000,100%,31150,34.6%,受注済,検収済,一括請求,,,2022-12-31,,
115348,1053,くるめ光の祭典/情報発信サポート業務,久留米市役所,企画・コンサル,800000,0,800000,100%,601450,75.2%,受注済,検収済,一括請求,,,2023-02-28,,
115344,1052,モジュラーアップデート,padou,WEB制作,200000,0,200000,100%,118050,59%,受注済,検収済,一括請求,,,2023-01-31,,
115299,1051,撮影・動画制作,九州ダンボール,動画制作,200000,0,200000,100%,184675,92.3%,受注済,検収済,一括請求,,,2023-01-31,,
115297,1050,Wantedlyサポート,自然工房/福山木工,企画・コンサル,600000,0,600000,100%,600000,100%,受注済,検収済,定期請求,,,定期(毎年),,
115291,1048,保守管理,エンサイクロ encyclo,企画・コンサル,360000,0,360000,100%,-189250,-52.6%,受注済,検収済,定期請求,,,定期(毎月),,
115289,1047,DECO,自然工房/福山木工,WEB制作,1500000,0,1500000,100%,1200325,80%,受注済,検収済,一括請求,,,2022-03-25,,
115288,1046,ショートムービー制作サポート,自然工房/福山木工,動画制作,1140000,0,1140000,100%,1078650,94.6%,受注済,検収済,一括請求,,,2022-03-25,,
115276,1044,サイト保守管理,久留米印刷,WEB制作,360000,0,360000,100%,302875,84.1%,受注済,未着手,一括請求,,,2022-09-22,2023年3月〜2024年2月まで,
115273,1043,シールラベルサイト制作,久留米印刷,WEB制作,2230000,0,2230000,100%,1984025,89%,受注済,検収済,一括請求,,,2022-09-22,,
115263,1042,LINEリッチメニューデザイン＆導入サポート,楠病院,グラフィック制作,274000,0,274000,100%,245825,89.7%,受注済,着手中,一括請求,2023-01-17,,2023-02-28,,
115260,1041,ひだまりパンフレット制作,楠病院,グラフィック制作,256000,0,256000,100%,251150,98.1%,受注済,着手中,一括請求,2022-07-29,,2023-06-30,,
115259,1040,グループパンフレットリニューアル,楠病院,グラフィック制作,1010000,0,1010000,100%,802425,79.4%,受注済,着手中,一括請求,2022-11-22,,2023-06-30,,
115258,1039,shopify制作,padou,WEB制作,960000,0,960000,100%,729350,76%,受注済,検収済,一括請求,2023-09-14,,2023-01-31,,
115257,1038,Shopify 制作,丸広,WEB制作,3020000,0,3020000,100%,2723550,90.2%,受注済,検収済,一括請求,2022-06-22,,2023-02-28,,
115252,1037,ホームページリニューアル制作,九州ダンボール,WEB制作,1890000,0,1890000,100%,-591075,-31.3%,受注済,検収済,一括請求,2022-04-20,,2022-12-31,,
115250,1036,ホームページリニューアル制作,サンコービルド,WEB制作,1990000,0,1990000,100%,323100,16.2%,受注済,検収済,一括請求,2022-10-28,,2023-03-31,サイト制作のみ、保守管理費は上に含んでいない,
115247,1035,LINEショップ,原田木材,かんたんLINEのお店,0,0,0,0%,0,0%,受注済,検収済,一括請求,,,2023-02-28,,
115240,1034,デザイン・企画,ふるさとズ（自社）,ふるさとズ,0,0,0,0%,-7918850,0%,受注済,着手中,定期請求,,,定期(毎月),,
115236,1032,サービス運営,ふるさとズ（自社）,ふるさとズ,0,0,0,0%,-2711275,0%,受注済,着手中,定期請求,,,定期(毎月),,
115227,1031,委託業務全般,F06_全自治体,ふるさと納税委託業務,0,0,0,0%,-18951475,0%,受注済,着手中,一括請求,,,2023-02-28,,
115003,1030,社内業務,S_サンカクキカク,社内業務,0,0,0,0%,-4008000,0%,受注済,着手中,定期請求,,,定期(毎月),,
114948,1029,保守管理,株式会社いちょうの杜,保守管理・毎月,930000,0,930000,100%,793400,85.3%,受注済,着手中,定期請求,,,定期(毎月),,
114946,1028,サイト制作,介護ネット,WEB制作,1500000,0,1500000,100%,1479225,98.6%,受注済,検収済,一括請求,,,2023-03-31,,
114944,1027,保守管理,カラーリングファーム,保守管理・毎月,704567,0,704567,100%,504542,71.6%,受注済,着手中,定期請求,,,定期(毎月),,
114942,1026,保守管理,小笠原,保守管理・毎月,930000,0,930000,100%,833350,89.6%,受注済,着手中,定期請求,,,定期(毎月),,
114940,1025,保守管理,佐野恵樹園,保守管理・毎月,930000,0,930000,100%,756625,81.4%,受注済,着手中,定期請求,,,定期(毎月),,
114938,1024,社内報,オーレック,グラフィック制作,800000,0,800000,100%,-162850,-20.4%,受注済,検収済,一括請求,,,2023-03-31,,
114936,1023,森光商店社内ハーモニー,香和印刷株式会社,グラフィック制作,320000,0,320000,100%,-62775,-19.6%,受注済,検収済,定期請求,,,定期(毎月),,
114934,1022,ニュースレター,森光商店・穀物屋,グラフィック制作,150000,0,150000,100%,-277475,-185%,受注済,検収済,定期請求,,,定期(毎月),２ヶ月に１回,
114931,1021,FB･IG広告運用代行,小川楽器,企画・コンサル,405000,0,405000,100%,405000,100%,受注済,着手中,定期請求,,,定期(毎月),,
114929,1020,shopify制作（it補助）,LABOT（ラボット）,WEB制作,1110000,0,1110000,100%,851250,76.7%,受注済,検収済,一括請求,,,2023-02-28,,
114927,1019,広川中学校キャリア教育企画,広川町,企画・コンサル,1060000,0,1060000,100%,958400,90.4%,受注済,着手中,一括請求,,,2023-02-28,,
114925,1018,保守管理,大川観光協会・大川TERRAZZA,保守管理・毎月,960000,0,960000,100%,922500,96.1%,受注済,着手中,定期請求,,,定期(毎月),,
114920,1017,保守管理、広告運用,未来工房,保守管理・毎月,3960000,0,3960000,100%,3503275,88.5%,受注済,着手中,定期請求,,,定期(毎月),,
114916,1016,保守管理,楠病院,保守管理・毎月,930000,0,930000,100%,379850,40.8%,受注済,着手中,定期請求,,,定期(毎月),,
114913,1015,HP サーバー/ドメイン管理費,伊東産業,保守管理・毎月,155000,0,155000,100%,155000,100%,受注済,着手中,定期請求,,,定期(毎月),,
114911,1014,広報サポート（3月末一括）,久留米工業大学,企画・コンサル,2700000,0,2700000,100%,1984825,73.5%,受注済,検収済,一括請求,,,2023-03-31,,
114910,1013,広報誌制作,楠病院,グラフィック制作,120000,0,120000,100%,-128500,-107.1%,受注済,検収済,一括請求,,,2023-03-31,,
114906,1012,サイト修正・情報移管,大川観光協会・大川TERRAZZA,WEB制作,70000,0,70000,100%,-8475,-12.1%,受注済,未着手,一括請求,,,2023-02-28,,
114896,1011,業務コンサルティング,久留米工業大学,企画・コンサル,1000000,0,1000000,100%,978000,97.8%,受注済,検収済,一括請求,,,2023-03-31,,
114893,1010,ふるさとズ運営（2月）,ふるさとズ（自治体・店舗）,ふるさとズ,500000,0,500000,100%,-60850,-12.2%,受注済,着手中,一括請求,,,2023-02-28,"2月予算：500,000円
システム利用料 平均５％として、総寄附額：10,000,000円

適宜対応と新規立ち上げ業務も含む",
114891,1009,委託業務（2月）,F05_牛久市,ふるさと納税委託業務,617456,0,617456,100%,-1017819,-164.8%,受注済,検収済,一括請求,,,2023-02-28,"目標　5億の場合：2月／寄附額8,000,000円の2.8%
２２４,０００円

実際の請求額：617,456円
寄附額：22,052,000円",
114890,1008,委託業務（2月）,F04_桜川市,ふるさと納税委託業務,84000,0,84000,100%,-950000,-1131%,受注済,検収済,一括請求,,,2023-02-28,"目標　1.5億の場合：2月／寄附額3,000,000円の2.8%
240,000円

実際の請求額：152,516円
寄附額：5,447,000円",
114788,1006,委託業務（2月）,F03_筑西市,ふるさと納税委託業務,269024,0,269024,100%,-1465276,-544.7%,受注済,検収済,一括請求,,,2023-02-28,"目標　5億の場合：2月／寄附額10,000,000円の2.8%
280,000円

実際の請求額：269,024円に更新
寄附額：9,608,000円",
112123,1002,委託業務（2月）,F02_八千代町,ふるさと納税委託業務,1039920,0,1039920,100%,-520180,-50%,受注済,検収済,一括請求,,,2023-02-28,"目標　8億の場合：2月／寄附額16,000,000円の2.8%
448,000円
実際の請求額：1,039,920円に更新
（寄附額：37,140,000	円）",
112082,1001,委託業務（2月）,F01_つくばみらい市,ふるさと納税委託業務,1353548,0,1353548,100%,-903752,-66.8%,受注済,検収済,一括請求,,,2023-02-28,"目標20億の場合：2月／寄附額60,000,000円の2.8%
1,680,000円

実際の請求：1,353,548円に更新
寄附額：48,341,000円",